"ID","URL","Section","Status code","Content type","Indexability","Indexability reason","Canonical","Canonical count","Title","Title count","Description","Description count","H1","H1 count","In sitemap","Redirect target","Unique inlinks","Search clicks"
"0","https://example.test/guides/page-0","/guides/","200","text/html","indexable","","https://example.test/page-0","1","Example help & guidance","1","","0","Example page 0","1","true","","0",""
"1","https://example.test/products/page-1","/products/","200","text/html","indexable","","https://example.test/page-1","1","Example help & guidance","1","A synthetic page 1 for this sample report.","1","Example page 1","1","false","","1",""
"2","https://example.test/support/page-2","/support/","200","text/html","indexable","","https://example.test/page-2","1","Example help & guidance","1","A synthetic page 2 for this sample report.","1","Example page 2","1","true","","2",""
"3","https://example.test/guides/page-3","/guides/","200","text/html","indexable","","https://example.test/page-3","1","Example help & guidance","1","A synthetic page 3 for this sample report.","1","Example page 3","1","false","","3",""
"4","https://example.test/products/page-4","/products/","200","text/html","indexable","","https://example.test/page-4","1","Example help & guidance","1","A synthetic page 4 for this sample report.","1","Example page 4","1","true","","4",""
"5","https://example.test/support/page-5","/support/","200","text/html","indexable","","https://example.test/page-5","1","Example help & guidance","1","","0","Example page 5","1","false","","5",""
"6","https://example.test/guides/page-6","/guides/","200","text/html","indexable","","https://example.test/page-6","1","Example help & guidance","1","A synthetic page 6 for this sample report.","1","Example page 6","1","true","","6",""
"7","https://example.test/products/page-7","/products/","200","text/html","indexable","","https://example.test/page-7","1","Example help & guidance","1","A synthetic page 7 for this sample report.","1","Example page 7","1","false","","7",""
"8","https://example.test/support/page-8","/support/","200","text/html","indexable","","https://example.test/page-8","1","Example help & guidance","1","A synthetic page 8 for this sample report.","1","Example page 8","1","true","","8",""
"9","https://example.test/guides/page-9","/guides/","200","text/html","indexable","","https://example.test/page-9","1","Example help & guidance","1","A synthetic page 9 for this sample report.","1","Example page 9","1","false","","9",""
"10","https://example.test/products/page-10","/products/","200","text/html","indexable","","https://example.test/page-10","1","Example help & guidance","1","","0","Example page 10","1","true","","10",""
"11","https://example.test/support/page-11","/support/","200","text/html","indexable","","https://example.test/page-11","1","Example help & guidance","1","A synthetic page 11 for this sample report.","1","Example page 11","1","false","","11",""
"12","https://example.test/guides/page-12","/guides/","200","text/html","indexable","","https://example.test/page-12","1","Example help & guidance","1","A synthetic page 12 for this sample report.","1","Example page 12","1","true","","12",""
"13","https://example.test/products/page-13","/products/","200","text/html","indexable","","https://example.test/page-13","1","Example help & guidance","1","A synthetic page 13 for this sample report.","1","Example page 13","1","false","","13",""
"14","https://example.test/support/page-14","/support/","200","text/html","indexable","","https://example.test/page-14","1","Example help & guidance","1","A synthetic page 14 for this sample report.","1","Example page 14","1","true","","14",""
"15","https://example.test/guides/page-15","/guides/","200","text/html","indexable","","https://example.test/page-15","1","Example help & guidance","1","","0","Example page 15","1","false","","15",""
"16","https://example.test/products/page-16","/products/","200","text/html","indexable","","https://example.test/page-16","1","Example help & guidance","1","A synthetic page 16 for this sample report.","1","Example page 16","1","true","","16",""
"17","https://example.test/support/page-17","/support/","200","text/html","indexable","","https://example.test/page-17","1","Example help & guidance","1","A synthetic page 17 for this sample report.","1","Example page 17","1","false","","17",""
"18","https://example.test/guides/page-18","/guides/","200","text/html","indexable","","https://example.test/page-18","1","Example help & guidance","1","A synthetic page 18 for this sample report.","1","Example page 18","1","true","","18",""
"19","https://example.test/products/page-19","/products/","200","text/html","indexable","","https://example.test/page-19","1","Example help & guidance","1","A synthetic page 19 for this sample report.","1","Example page 19","1","false","","19",""
"20","https://example.test/support/page-20","/support/","200","text/html","non-indexable","Noindex","https://example.test/page-20","1","Example help & guidance","1","","0","Example page 20","1","true","","20",""
"21","https://example.test/guides/page-21","/guides/","200","text/html","indexable","","https://example.test/page-21","1","Example help & guidance","1","A synthetic page 21 for this sample report.","1","Example page 21","1","false","","21",""
"22","https://example.test/products/page-22","/products/","200","text/html","indexable","","https://example.test/page-22","1","Example help & guidance","1","A synthetic page 22 for this sample report.","1","Example page 22","1","true","","22",""
"23","https://example.test/support/page-23","/support/","200","text/html","indexable","","https://example.test/page-23","1","Example help & guidance","1","A synthetic page 23 for this sample report.","1","Example page 23","1","false","","23",""
"24","https://example.test/guides/page-24","/guides/","200","text/html","indexable","","https://example.test/page-24","1","Example help & guidance","1","A synthetic page 24 for this sample report.","1","Example page 24","1","true","","24",""
"25","https://example.test/products/page-25","/products/","200","text/html","indexable","","https://example.test/page-25","1","Example help & guidance","1","","0","Example page 25","1","false","","25",""
"26","https://example.test/support/page-26","/support/","200","text/html","indexable","","https://example.test/page-26","1","Example help & guidance","1","A synthetic page 26 for this sample report.","1","Example page 26","1","true","","26",""
"27","https://example.test/guides/page-27","/guides/","200","text/html","indexable","","https://example.test/page-27","1","Example help & guidance","1","A synthetic page 27 for this sample report.","1","Example page 27","1","false","","27",""
"28","https://example.test/products/page-28","/products/","200","text/html","indexable","","https://example.test/page-28","1","Example help & guidance","1","A synthetic page 28 for this sample report.","1","Example page 28","1","true","","28",""
"29","https://example.test/support/page-29","/support/","200","text/html","indexable","","https://example.test/page-29","1","Example help & guidance","1","A synthetic page 29 for this sample report.","1","Example page 29","1","false","","29",""
"30","https://example.test/guides/page-30","/guides/","200","text/html","indexable","","https://example.test/page-30","1","Example help & guidance","1","","0","Example page 30","1","true","","30",""
"31","https://example.test/products/page-31","/products/","200","text/html","indexable","","https://example.test/page-31","1","Example help & guidance","1","A synthetic page 31 for this sample report.","1","Example page 31","1","false","","31",""
"32","https://example.test/support/page-32","/support/","200","text/html","indexable","","https://example.test/page-32","1","Example help & guidance","1","A synthetic page 32 for this sample report.","1","Example page 32","1","true","","32",""
"33","https://example.test/guides/page-33","/guides/","200","text/html","indexable","","https://example.test/page-33","1","Example help & guidance","1","A synthetic page 33 for this sample report.","1","Example page 33","1","false","","33",""
"34","https://example.test/products/page-34","/products/","200","text/html","indexable","","https://example.test/page-34","1","Example help & guidance","1","A synthetic page 34 for this sample report.","1","Example page 34","1","true","","34",""
"35","https://example.test/support/page-35","/support/","200","text/html","indexable","","https://example.test/page-35","1","Example help & guidance","1","","0","Example page 35","1","false","","35",""
"36","https://example.test/guides/page-36","/guides/","200","text/html","indexable","","https://example.test/page-36","1","Example help & guidance","1","A synthetic page 36 for this sample report.","1","Example page 36","1","true","","36",""
"37","https://example.test/products/page-37","/products/","200","text/html","indexable","","https://example.test/page-37","1","Example help & guidance","1","A synthetic page 37 for this sample report.","1","Example page 37","1","false","","37",""
"38","https://example.test/support/page-38","/support/","200","text/html","indexable","","https://example.test/page-38","1","Example help & guidance","1","A synthetic page 38 for this sample report.","1","Example page 38","1","true","","38",""
"39","https://example.test/guides/page-39","/guides/","200","text/html","indexable","","https://example.test/page-39","1","Example help & guidance","1","A synthetic page 39 for this sample report.","1","Example page 39","1","false","","39",""
"40","https://example.test/products/page-40","/products/","200","text/html","indexable","","https://example.test/page-40","1","Example help & guidance","1","","0","Example page 40","1","true","","0",""
"41","https://example.test/support/page-41","/support/","200","text/html","indexable","","https://example.test/page-41","1","Example help & guidance","1","A synthetic page 41 for this sample report.","1","Example page 41","1","false","","1",""
"42","https://example.test/guides/page-42","/guides/","200","text/html","indexable","","https://example.test/page-42","1","Example help & guidance","1","A synthetic page 42 for this sample report.","1","Example page 42","1","true","","2",""
"43","https://example.test/products/page-43","/products/","200","text/html","indexable","","https://example.test/page-43","1","Example help & guidance","1","A synthetic page 43 for this sample report.","1","Example page 43","1","false","","3",""
"44","https://example.test/support/page-44","/support/","200","text/html","indexable","","https://example.test/page-44","1","Example help & guidance","1","A synthetic page 44 for this sample report.","1","Example page 44","1","true","","4",""
"45","https://example.test/guides/page-45","/guides/","200","text/html","indexable","","https://example.test/page-45","1","Example help & guidance","1","","0","Example page 45","1","false","","5",""
"46","https://example.test/products/page-46","/products/","200","text/html","indexable","","https://example.test/page-46","1","Example help & guidance","1","A synthetic page 46 for this sample report.","1","Example page 46","1","true","","6",""
"47","https://example.test/support/page-47","/support/","200","text/html","indexable","","https://example.test/page-47","1","Example help & guidance","1","A synthetic page 47 for this sample report.","1","Example page 47","1","false","","7",""
"48","https://example.test/guides/page-48","/guides/","200","text/html","indexable","","https://example.test/page-48","1","Example help & guidance","1","A synthetic page 48 for this sample report.","1","Example page 48","1","true","","8",""
"49","https://example.test/products/page-49","/products/","200","text/html","indexable","","https://example.test/page-49","1","Example help & guidance","1","A synthetic page 49 for this sample report.","1","Example page 49","1","false","","9",""
"50","https://example.test/support/page-50","/support/","200","text/html","non-indexable","Noindex","https://example.test/page-50","1","Example help & guidance","1","","0","Example page 50","1","true","","10",""
"51","https://example.test/guides/page-51","/guides/","200","text/html","indexable","","https://example.test/page-51","1","Example help & guidance","1","A synthetic page 51 for this sample report.","1","Example page 51","1","false","","11",""
"52","https://example.test/products/page-52","/products/","200","text/html","indexable","","https://example.test/page-52","1","Example help & guidance","1","A synthetic page 52 for this sample report.","1","Example page 52","1","true","","12",""
"53","https://example.test/support/page-53","/support/","200","text/html","indexable","","https://example.test/page-53","1","Example help & guidance","1","A synthetic page 53 for this sample report.","1","Example page 53","1","false","","13",""
"54","https://example.test/guides/page-54","/guides/","200","text/html","indexable","","https://example.test/page-54","1","Example help & guidance","1","A synthetic page 54 for this sample report.","1","Example page 54","1","true","","14",""
"55","https://example.test/products/page-55","/products/","200","text/html","indexable","","https://example.test/page-55","1","Example help & guidance","1","","0","Example page 55","1","false","","15",""
"56","https://example.test/support/page-56","/support/","200","text/html","indexable","","https://example.test/page-56","1","Example help & guidance","1","A synthetic page 56 for this sample report.","1","Example page 56","1","true","","16",""
"57","https://example.test/guides/page-57","/guides/","200","text/html","indexable","","https://example.test/page-57","1","Example help & guidance","1","A synthetic page 57 for this sample report.","1","Example page 57","1","false","","17",""
"58","https://example.test/products/page-58","/products/","200","text/html","indexable","","https://example.test/page-58","1","Example help & guidance","1","A synthetic page 58 for this sample report.","1","Example page 58","1","true","","18",""
"59","https://example.test/support/page-59","/support/","200","text/html","indexable","","https://example.test/page-59","1","Example help & guidance","1","A synthetic page 59 for this sample report.","1","Example page 59","1","false","","19",""
"60","https://example.test/guides/page-60","/guides/","200","text/html","indexable","","https://example.test/page-60","1","Example help & guidance","1","","0","Example page 60","1","true","","20",""
"61","https://example.test/products/page-61","/products/","200","text/html","indexable","","https://example.test/page-61","1","Example help & guidance","1","A synthetic page 61 for this sample report.","1","Example page 61","1","false","","21",""
"62","https://example.test/support/page-62","/support/","200","text/html","indexable","","https://example.test/page-62","1","Example help & guidance","1","A synthetic page 62 for this sample report.","1","Example page 62","1","true","","22",""
"63","https://example.test/guides/page-63","/guides/","200","text/html","indexable","","https://example.test/page-63","1","Example help & guidance","1","A synthetic page 63 for this sample report.","1","Example page 63","1","false","","23",""
"64","https://example.test/products/page-64","/products/","200","text/html","indexable","","https://example.test/page-64","1","Example help & guidance","1","A synthetic page 64 for this sample report.","1","Example page 64","1","true","","24",""
"65","https://example.test/support/page-65","/support/","200","text/html","indexable","","https://example.test/page-65","1","Example help & guidance","1","","0","Example page 65","1","false","","25",""
"66","https://example.test/guides/page-66","/guides/","200","text/html","indexable","","https://example.test/page-66","1","Example help & guidance","1","A synthetic page 66 for this sample report.","1","Example page 66","1","true","","26",""
"67","https://example.test/products/page-67","/products/","200","text/html","indexable","","https://example.test/page-67","1","Example help & guidance","1","A synthetic page 67 for this sample report.","1","Example page 67","1","false","","27",""
"68","https://example.test/support/page-68","/support/","200","text/html","indexable","","https://example.test/page-68","1","Example help & guidance","1","A synthetic page 68 for this sample report.","1","Example page 68","1","true","","28",""
"69","https://example.test/guides/page-69","/guides/","200","text/html","indexable","","https://example.test/page-69","1","Example help & guidance","1","A synthetic page 69 for this sample report.","1","Example page 69","1","false","","29",""
"70","https://example.test/products/page-70","/products/","200","text/html","indexable","","https://example.test/page-70","1","Example help & guidance","1","","0","Example page 70","1","true","","30",""
"71","https://example.test/support/page-71","/support/","200","text/html","indexable","","https://example.test/page-71","1","Example help & guidance","1","A synthetic page 71 for this sample report.","1","Example page 71","1","false","","31",""
"72","https://example.test/guides/page-72","/guides/","200","text/html","indexable","","https://example.test/page-72","1","Example help & guidance","1","A synthetic page 72 for this sample report.","1","Example page 72","1","true","","32",""
"73","https://example.test/products/page-73","/products/","200","text/html","indexable","","https://example.test/page-73","1","Example help & guidance","1","A synthetic page 73 for this sample report.","1","Example page 73","1","false","","33",""
"74","https://example.test/support/page-74","/support/","200","text/html","indexable","","https://example.test/page-74","1","Example help & guidance","1","A synthetic page 74 for this sample report.","1","Example page 74","1","true","","34",""
"75","https://example.test/guides/page-75","/guides/","200","text/html","indexable","","https://example.test/page-75","1","Example help & guidance","1","","0","Example page 75","1","false","","35",""
"76","https://example.test/products/page-76","/products/","200","text/html","indexable","","https://example.test/page-76","1","Example help & guidance","1","A synthetic page 76 for this sample report.","1","Example page 76","1","true","","36",""
"77","https://example.test/support/page-77","/support/","200","text/html","indexable","","https://example.test/page-77","1","Example help & guidance","1","A synthetic page 77 for this sample report.","1","Example page 77","1","false","","37",""
"78","https://example.test/guides/page-78","/guides/","200","text/html","indexable","","https://example.test/page-78","1","Example help & guidance","1","A synthetic page 78 for this sample report.","1","Example page 78","1","true","","38",""
"79","https://example.test/products/page-79","/products/","200","text/html","indexable","","https://example.test/page-79","1","Example help & guidance","1","A synthetic page 79 for this sample report.","1","Example page 79","1","false","","39",""
"80","https://example.test/support/page-80","/support/","200","text/html","non-indexable","Noindex","https://example.test/page-80","1","Example help & guidance","1","","0","Example page 80","1","true","","0",""
"81","https://example.test/guides/page-81","/guides/","200","text/html","indexable","","https://example.test/page-81","1","Example help & guidance","1","A synthetic page 81 for this sample report.","1","Example page 81","1","false","","1",""
"82","https://example.test/products/page-82","/products/","200","text/html","indexable","","https://example.test/page-82","1","Example help & guidance","1","A synthetic page 82 for this sample report.","1","Example page 82","1","true","","2",""
"83","https://example.test/support/page-83","/support/","200","text/html","indexable","","https://example.test/page-83","1","Example help & guidance","1","A synthetic page 83 for this sample report.","1","Example page 83","1","false","","3",""
"84","https://example.test/guides/page-84","/guides/","200","text/html","indexable","","https://example.test/page-84","1","Example help & guidance","1","A synthetic page 84 for this sample report.","1","Example page 84","1","true","","4",""
"85","https://example.test/products/page-85","/products/","200","text/html","indexable","","https://example.test/page-85","1","Example help & guidance","1","","0","Example page 85","1","false","","5",""
"86","https://example.test/support/page-86","/support/","200","text/html","indexable","","https://example.test/page-86","1","Example help & guidance","1","A synthetic page 86 for this sample report.","1","Example page 86","1","true","","6",""
"87","https://example.test/guides/page-87","/guides/","200","text/html","indexable","","https://example.test/page-87","1","Example help & guidance","1","A synthetic page 87 for this sample report.","1","Example page 87","1","false","","7",""
"88","https://example.test/products/page-88","/products/","200","text/html","indexable","","https://example.test/page-88","1","Example help & guidance","1","A synthetic page 88 for this sample report.","1","Example page 88","1","true","","8",""
"89","https://example.test/support/page-89","/support/","200","text/html","indexable","","https://example.test/page-89","1","Example help & guidance","1","A synthetic page 89 for this sample report.","1","Example page 89","1","false","","9",""
"90","https://example.test/guides/page-90","/guides/","200","text/html","indexable","","https://example.test/page-90","1","Example help & guidance","1","","0","Example page 90","1","true","","10",""
"91","https://example.test/products/page-91","/products/","200","text/html","indexable","","https://example.test/page-91","1","Example help & guidance","1","A synthetic page 91 for this sample report.","1","Example page 91","1","false","","11",""
"92","https://example.test/support/page-92","/support/","200","text/html","indexable","","https://example.test/page-92","1","Example help & guidance","1","A synthetic page 92 for this sample report.","1","Example page 92","1","true","","12",""
"93","https://example.test/guides/page-93","/guides/","200","text/html","indexable","","https://example.test/page-93","1","Example help & guidance","1","A synthetic page 93 for this sample report.","1","Example page 93","1","false","","13",""
"94","https://example.test/products/page-94","/products/","200","text/html","indexable","","https://example.test/page-94","1","Example help & guidance","1","A synthetic page 94 for this sample report.","1","Example page 94","1","true","","14",""
"95","https://example.test/support/page-95","/support/","200","text/html","indexable","","https://example.test/page-95","1","Example help & guidance","1","","0","Example page 95","1","false","","15",""
"96","https://example.test/guides/page-96","/guides/","200","text/html","indexable","","https://example.test/page-96","1","Example help & guidance","1","A synthetic page 96 for this sample report.","1","Example page 96","1","true","","16",""
"97","https://example.test/products/page-97","/products/","200","text/html","indexable","","https://example.test/page-97","1","Example help & guidance","1","A synthetic page 97 for this sample report.","1","Example page 97","1","false","","17",""
"98","https://example.test/support/page-98","/support/","200","text/html","indexable","","https://example.test/page-98","1","Example help & guidance","1","A synthetic page 98 for this sample report.","1","Example page 98","1","true","","18",""
"99","https://example.test/guides/page-99","/guides/","200","text/html","indexable","","https://example.test/page-99","1","Example help & guidance","1","A synthetic page 99 for this sample report.","1","Example page 99","1","false","","19",""
"100","https://example.test/products/page-100","/products/","200","text/html","indexable","","https://example.test/page-100","1","Example help & guidance","1","","0","Example page 100","1","true","","20",""
"101","https://example.test/support/page-101","/support/","200","text/html","indexable","","https://example.test/page-101","1","Example help & guidance","1","A synthetic page 101 for this sample report.","1","Example page 101","1","false","","21",""
"102","https://example.test/guides/page-102","/guides/","200","text/html","indexable","","https://example.test/page-102","1","Example help & guidance","1","A synthetic page 102 for this sample report.","1","Example page 102","1","true","","22",""
"103","https://example.test/products/page-103","/products/","200","text/html","indexable","","https://example.test/page-103","1","Example help & guidance","1","A synthetic page 103 for this sample report.","1","Example page 103","1","false","","23",""
"104","https://example.test/support/page-104","/support/","200","text/html","indexable","","https://example.test/page-104","1","Example help & guidance","1","A synthetic page 104 for this sample report.","1","Example page 104","1","true","","24",""
"105","https://example.test/guides/page-105","/guides/","200","text/html","indexable","","https://example.test/page-105","1","Example help & guidance","1","","0","Example page 105","1","false","","25",""
"106","https://example.test/products/page-106","/products/","200","text/html","indexable","","https://example.test/page-106","1","Example help & guidance","1","A synthetic page 106 for this sample report.","1","Example page 106","1","true","","26",""
"107","https://example.test/support/page-107","/support/","200","text/html","indexable","","https://example.test/page-107","1","Example help & guidance","1","A synthetic page 107 for this sample report.","1","Example page 107","1","false","","27",""
"108","https://example.test/guides/page-108","/guides/","200","text/html","indexable","","https://example.test/page-108","1","Example help & guidance","1","A synthetic page 108 for this sample report.","1","Example page 108","1","true","","28",""
"109","https://example.test/products/page-109","/products/","200","text/html","indexable","","https://example.test/page-109","1","Example help & guidance","1","A synthetic page 109 for this sample report.","1","Example page 109","1","false","","29",""
"110","https://example.test/support/page-110","/support/","200","text/html","non-indexable","Noindex","https://example.test/page-110","1","Example help & guidance","1","","0","Example page 110","1","true","","30",""
"111","https://example.test/guides/page-111","/guides/","200","text/html","indexable","","https://example.test/page-111","1","Example help & guidance","1","A synthetic page 111 for this sample report.","1","Example page 111","1","false","","31",""
"112","https://example.test/products/page-112","/products/","200","text/html","indexable","","https://example.test/page-112","1","Example help & guidance","1","A synthetic page 112 for this sample report.","1","Example page 112","1","true","","32",""
"113","https://example.test/support/page-113","/support/","200","text/html","indexable","","https://example.test/page-113","1","Example help & guidance","1","A synthetic page 113 for this sample report.","1","Example page 113","1","false","","33",""
"114","https://example.test/guides/page-114","/guides/","200","text/html","indexable","","https://example.test/page-114","1","Example help & guidance","1","A synthetic page 114 for this sample report.","1","Example page 114","1","true","","34",""
"115","https://example.test/products/page-115","/products/","200","text/html","indexable","","https://example.test/page-115","1","Example help & guidance","1","","0","Example page 115","1","false","","35",""
"116","https://example.test/support/page-116","/support/","200","text/html","indexable","","https://example.test/page-116","1","Example help & guidance","1","A synthetic page 116 for this sample report.","1","Example page 116","1","true","","36",""
"117","https://example.test/guides/page-117","/guides/","200","text/html","indexable","","https://example.test/page-117","1","Example help & guidance","1","A synthetic page 117 for this sample report.","1","Example page 117","1","false","","37",""
"118","https://example.test/products/page-118","/products/","200","text/html","indexable","","https://example.test/page-118","1","Example help & guidance","1","A synthetic page 118 for this sample report.","1","Example page 118","1","true","","38",""
"119","https://example.test/support/page-119","/support/","200","text/html","indexable","","https://example.test/page-119","1","Example help & guidance","1","A synthetic page 119 for this sample report.","1","Example page 119","1","false","","39",""
"120","https://example.test/guides/page-120","/guides/","200","text/html","indexable","","https://example.test/page-120","1","Example help & guidance","1","","0","Example page 120","1","true","","0",""
"121","https://example.test/products/page-121","/products/","200","text/html","indexable","","https://example.test/page-121","1","Example help & guidance","1","A synthetic page 121 for this sample report.","1","Example page 121","1","false","","1",""
"122","https://example.test/support/page-122","/support/","200","text/html","indexable","","https://example.test/page-122","1","Example help & guidance","1","A synthetic page 122 for this sample report.","1","Example page 122","1","true","","2",""
"123","https://example.test/guides/page-123","/guides/","200","text/html","indexable","","https://example.test/page-123","1","Example help & guidance","1","A synthetic page 123 for this sample report.","1","Example page 123","1","false","","3",""
"124","https://example.test/products/page-124","/products/","200","text/html","indexable","","https://example.test/page-124","1","Example help & guidance","1","A synthetic page 124 for this sample report.","1","Example page 124","1","true","","4",""
"125","https://example.test/support/page-125","/support/","200","text/html","indexable","","https://example.test/page-125","1","Example help & guidance","1","","0","Example page 125","1","false","","5",""
"126","https://example.test/guides/page-126","/guides/","200","text/html","indexable","","https://example.test/page-126","1","Example help & guidance","1","A synthetic page 126 for this sample report.","1","Example page 126","1","true","","6",""
"127","https://example.test/products/page-127","/products/","200","text/html","indexable","","https://example.test/page-127","1","Example help & guidance","1","A synthetic page 127 for this sample report.","1","Example page 127","1","false","","7",""
"128","https://example.test/support/page-128","/support/","200","text/html","indexable","","https://example.test/page-128","1","Example help & guidance","1","A synthetic page 128 for this sample report.","1","Example page 128","1","true","","8",""
"129","https://example.test/guides/page-129","/guides/","200","text/html","indexable","","https://example.test/page-129","1","Example help & guidance","1","A synthetic page 129 for this sample report.","1","Example page 129","1","false","","9",""
"130","https://example.test/products/page-130","/products/","200","text/html","indexable","","https://example.test/page-130","1","Example help & guidance","1","","0","Example page 130","1","true","","10",""
"131","https://example.test/support/page-131","/support/","200","text/html","indexable","","https://example.test/page-131","1","Example help & guidance","1","A synthetic page 131 for this sample report.","1","Example page 131","1","false","","11",""
"132","https://example.test/guides/page-132","/guides/","200","text/html","indexable","","https://example.test/page-132","1","Example help & guidance","1","A synthetic page 132 for this sample report.","1","Example page 132","1","true","","12",""
"133","https://example.test/products/page-133","/products/","200","text/html","indexable","","https://example.test/page-133","1","Example help & guidance","1","A synthetic page 133 for this sample report.","1","Example page 133","1","false","","13",""
"134","https://example.test/support/page-134","/support/","200","text/html","indexable","","https://example.test/page-134","1","Example help & guidance","1","A synthetic page 134 for this sample report.","1","Example page 134","1","true","","14",""
"135","https://example.test/guides/page-135","/guides/","200","text/html","indexable","","https://example.test/page-135","1","Example help & guidance","1","","0","Example page 135","1","false","","15",""
"136","https://example.test/products/page-136","/products/","200","text/html","indexable","","https://example.test/page-136","1","Example help & guidance","1","A synthetic page 136 for this sample report.","1","Example page 136","1","true","","16",""
"137","https://example.test/support/page-137","/support/","200","text/html","indexable","","https://example.test/page-137","1","Example help & guidance","1","A synthetic page 137 for this sample report.","1","Example page 137","1","false","","17",""
"138","https://example.test/guides/page-138","/guides/","200","text/html","indexable","","https://example.test/page-138","1","Example help & guidance","1","A synthetic page 138 for this sample report.","1","Example page 138","1","true","","18",""
"139","https://example.test/products/page-139","/products/","200","text/html","indexable","","https://example.test/page-139","1","Example help & guidance","1","A synthetic page 139 for this sample report.","1","Example page 139","1","false","","19",""
"140","https://example.test/support/page-140","/support/","200","text/html","non-indexable","Noindex","https://example.test/page-140","1","Example help & guidance","1","","0","Example page 140","1","true","","20",""
"141","https://example.test/guides/page-141","/guides/","200","text/html","indexable","","https://example.test/page-141","1","Example help & guidance","1","A synthetic page 141 for this sample report.","1","Example page 141","1","false","","21",""
"142","https://example.test/products/page-142","/products/","200","text/html","indexable","","https://example.test/page-142","1","Example help & guidance","1","A synthetic page 142 for this sample report.","1","Example page 142","1","true","","22",""
"143","https://example.test/support/page-143","/support/","200","text/html","indexable","","https://example.test/page-143","1","Example help & guidance","1","A synthetic page 143 for this sample report.","1","Example page 143","1","false","","23",""
"144","https://example.test/guides/page-144","/guides/","200","text/html","indexable","","https://example.test/page-144","1","Example help & guidance","1","A synthetic page 144 for this sample report.","1","Example page 144","1","true","","24",""
"145","https://example.test/products/page-145","/products/","200","text/html","indexable","","https://example.test/page-145","1","Example help & guidance","1","","0","Example page 145","1","false","","25",""
"146","https://example.test/support/page-146","/support/","200","text/html","indexable","","https://example.test/page-146","1","Example help & guidance","1","A synthetic page 146 for this sample report.","1","Example page 146","1","true","","26",""
"147","https://example.test/guides/page-147","/guides/","200","text/html","indexable","","https://example.test/page-147","1","Example help & guidance","1","A synthetic page 147 for this sample report.","1","Example page 147","1","false","","27",""
"148","https://example.test/products/page-148","/products/","200","text/html","indexable","","https://example.test/page-148","1","Example help & guidance","1","A synthetic page 148 for this sample report.","1","Example page 148","1","true","","28",""
"149","https://example.test/support/page-149","/support/","200","text/html","indexable","","https://example.test/page-149","1","Example help & guidance","1","A synthetic page 149 for this sample report.","1","Example page 149","1","false","","29",""
"150","https://example.test/guides/page-150","/guides/","200","text/html","indexable","","https://example.test/page-150","1","Example help & guidance","1","","0","Example page 150","1","true","","30",""
"151","https://example.test/products/page-151","/products/","200","text/html","indexable","","https://example.test/page-151","1","Example help & guidance","1","A synthetic page 151 for this sample report.","1","Example page 151","1","false","","31",""
"152","https://example.test/support/page-152","/support/","200","text/html","indexable","","https://example.test/page-152","1","Example help & guidance","1","A synthetic page 152 for this sample report.","1","Example page 152","1","true","","32",""
"153","https://example.test/guides/page-153","/guides/","200","text/html","indexable","","https://example.test/page-153","1","Example help & guidance","1","A synthetic page 153 for this sample report.","1","Example page 153","1","false","","33",""
"154","https://example.test/products/page-154","/products/","200","text/html","indexable","","https://example.test/page-154","1","Example help & guidance","1","A synthetic page 154 for this sample report.","1","Example page 154","1","true","","34",""
"155","https://example.test/support/page-155","/support/","200","text/html","indexable","","https://example.test/page-155","1","Example help & guidance","1","","0","Example page 155","1","false","","35",""
"156","https://example.test/guides/page-156","/guides/","200","text/html","indexable","","https://example.test/page-156","1","Example help & guidance","1","A synthetic page 156 for this sample report.","1","Example page 156","1","true","","36",""
"157","https://example.test/products/page-157","/products/","200","text/html","indexable","","https://example.test/page-157","1","Example help & guidance","1","A synthetic page 157 for this sample report.","1","Example page 157","1","false","","37",""
"158","https://example.test/support/page-158","/support/","200","text/html","indexable","","https://example.test/page-158","1","Example help & guidance","1","A synthetic page 158 for this sample report.","1","Example page 158","1","true","","38",""
"159","https://example.test/guides/page-159","/guides/","200","text/html","indexable","","https://example.test/page-159","1","Example help & guidance","1","A synthetic page 159 for this sample report.","1","Example page 159","1","false","","39",""
"160","https://example.test/products/page-160","/products/","200","text/html","indexable","","https://example.test/page-160","1","Example help & guidance","1","","0","Example page 160","1","true","","0",""
"161","https://example.test/support/page-161","/support/","200","text/html","indexable","","https://example.test/page-161","1","Example help & guidance","1","A synthetic page 161 for this sample report.","1","Example page 161","1","false","","1",""
"162","https://example.test/guides/page-162","/guides/","200","text/html","indexable","","https://example.test/page-162","1","Example help & guidance","1","A synthetic page 162 for this sample report.","1","Example page 162","1","true","","2",""
"163","https://example.test/products/page-163","/products/","200","text/html","indexable","","https://example.test/page-163","1","Example help & guidance","1","A synthetic page 163 for this sample report.","1","Example page 163","1","false","","3",""
"164","https://example.test/support/page-164","/support/","200","text/html","indexable","","https://example.test/page-164","1","Example help & guidance","1","A synthetic page 164 for this sample report.","1","Example page 164","1","true","","4",""
"165","https://example.test/guides/page-165","/guides/","200","text/html","indexable","","https://example.test/page-165","1","Example help & guidance","1","","0","Example page 165","1","false","","5",""
"166","https://example.test/products/page-166","/products/","200","text/html","indexable","","https://example.test/page-166","1","Example help & guidance","1","A synthetic page 166 for this sample report.","1","Example page 166","1","true","","6",""
"167","https://example.test/support/page-167","/support/","200","text/html","indexable","","https://example.test/page-167","1","Example help & guidance","1","A synthetic page 167 for this sample report.","1","Example page 167","1","false","","7",""
"168","https://example.test/guides/page-168","/guides/","200","text/html","indexable","","https://example.test/page-168","1","Example help & guidance","1","A synthetic page 168 for this sample report.","1","Example page 168","1","true","","8",""
"169","https://example.test/products/page-169","/products/","200","text/html","indexable","","https://example.test/page-169","1","Example help & guidance","1","A synthetic page 169 for this sample report.","1","Example page 169","1","false","","9",""
"170","https://example.test/support/page-170","/support/","200","text/html","non-indexable","Noindex","https://example.test/page-170","1","Example help & guidance","1","","0","Example page 170","1","true","","10",""
"171","https://example.test/guides/page-171","/guides/","200","text/html","indexable","","https://example.test/page-171","1","Example help & guidance","1","A synthetic page 171 for this sample report.","1","Example page 171","1","false","","11",""
"172","https://example.test/products/page-172","/products/","200","text/html","indexable","","https://example.test/page-172","1","Example help & guidance","1","A synthetic page 172 for this sample report.","1","Example page 172","1","true","","12",""
"173","https://example.test/support/page-173","/support/","200","text/html","indexable","","https://example.test/page-173","1","Example help & guidance","1","A synthetic page 173 for this sample report.","1","Example page 173","1","false","","13",""
"174","https://example.test/guides/page-174","/guides/","200","text/html","indexable","","https://example.test/page-174","1","Example help & guidance","1","A synthetic page 174 for this sample report.","1","Example page 174","1","true","","14",""
"175","https://example.test/products/page-175","/products/","200","text/html","indexable","","https://example.test/page-175","1","Example help & guidance","1","","0","Example page 175","1","false","","15",""
"176","https://example.test/support/page-176","/support/","200","text/html","indexable","","https://example.test/page-176","1","Example help & guidance","1","A synthetic page 176 for this sample report.","1","Example page 176","1","true","","16",""
"177","https://example.test/guides/page-177","/guides/","200","text/html","indexable","","https://example.test/page-177","1","Example help & guidance","1","A synthetic page 177 for this sample report.","1","Example page 177","1","false","","17",""
"178","https://example.test/products/page-178","/products/","200","text/html","indexable","","https://example.test/page-178","1","Example help & guidance","1","A synthetic page 178 for this sample report.","1","Example page 178","1","true","","18",""
"179","https://example.test/support/page-179","/support/","200","text/html","indexable","","https://example.test/page-179","1","Example help & guidance","1","A synthetic page 179 for this sample report.","1","Example page 179","1","false","","19",""
"180","https://example.test/guides/page-180","/guides/","200","text/html","indexable","","https://example.test/page-180","1","Example help & guidance","1","","0","Example page 180","1","true","","20",""
"181","https://example.test/products/page-181","/products/","200","text/html","indexable","","https://example.test/page-181","1","Example help & guidance","1","A synthetic page 181 for this sample report.","1","Example page 181","1","false","","21",""
"182","https://example.test/support/page-182","/support/","200","text/html","indexable","","https://example.test/page-182","1","Example help & guidance","1","A synthetic page 182 for this sample report.","1","Example page 182","1","true","","22",""
"183","https://example.test/guides/page-183","/guides/","200","text/html","indexable","","https://example.test/page-183","1","Example help & guidance","1","A synthetic page 183 for this sample report.","1","Example page 183","1","false","","23",""
"184","https://example.test/products/page-184","/products/","200","text/html","indexable","","https://example.test/page-184","1","Example help & guidance","1","A synthetic page 184 for this sample report.","1","Example page 184","1","true","","24",""
"185","https://example.test/support/page-185","/support/","200","text/html","indexable","","https://example.test/page-185","1","Example help & guidance","1","","0","Example page 185","1","false","","25",""
"186","https://example.test/guides/page-186","/guides/","200","text/html","indexable","","https://example.test/page-186","1","Example help & guidance","1","A synthetic page 186 for this sample report.","1","Example page 186","1","true","","26",""
"187","https://example.test/products/page-187","/products/","200","text/html","indexable","","https://example.test/page-187","1","Example help & guidance","1","A synthetic page 187 for this sample report.","1","Example page 187","1","false","","27",""
"188","https://example.test/support/page-188","/support/","200","text/html","indexable","","https://example.test/page-188","1","Example help & guidance","1","A synthetic page 188 for this sample report.","1","Example page 188","1","true","","28",""
"189","https://example.test/guides/page-189","/guides/","200","text/html","indexable","","https://example.test/page-189","1","Example help & guidance","1","A synthetic page 189 for this sample report.","1","Example page 189","1","false","","29",""
"190","https://example.test/products/page-190","/products/","200","text/html","indexable","","https://example.test/page-190","1","Example help & guidance","1","","0","Example page 190","1","true","","30",""
"191","https://example.test/support/page-191","/support/","200","text/html","indexable","","https://example.test/page-191","1","Example help & guidance","1","A synthetic page 191 for this sample report.","1","Example page 191","1","false","","31",""
"192","https://example.test/guides/page-192","/guides/","200","text/html","indexable","","https://example.test/page-192","1","Example help & guidance","1","A synthetic page 192 for this sample report.","1","Example page 192","1","true","","32",""
"193","https://example.test/products/page-193","/products/","200","text/html","indexable","","https://example.test/page-193","1","Example help & guidance","1","A synthetic page 193 for this sample report.","1","Example page 193","1","false","","33",""
"194","https://example.test/support/page-194","/support/","200","text/html","indexable","","https://example.test/page-194","1","Example help & guidance","1","A synthetic page 194 for this sample report.","1","Example page 194","1","true","","34",""
"195","https://example.test/guides/page-195","/guides/","200","text/html","indexable","","https://example.test/page-195","1","Example help & guidance","1","","0","Example page 195","1","false","","35",""
"196","https://example.test/products/page-196","/products/","200","text/html","indexable","","https://example.test/page-196","1","Example help & guidance","1","A synthetic page 196 for this sample report.","1","Example page 196","1","true","","36",""
"197","https://example.test/support/page-197","/support/","200","text/html","indexable","","https://example.test/page-197","1","Example help & guidance","1","A synthetic page 197 for this sample report.","1","Example page 197","1","false","","37",""
"198","https://example.test/guides/page-198","/guides/","200","text/html","indexable","","https://example.test/page-198","1","Example help & guidance","1","A synthetic page 198 for this sample report.","1","Example page 198","1","true","","38",""
"199","https://example.test/products/page-199","/products/","200","text/html","indexable","","https://example.test/page-199","1","Example help & guidance","1","A synthetic page 199 for this sample report.","1","Example page 199","1","false","","39",""
"200","https://example.test/support/page-200","/support/","200","text/html","non-indexable","Noindex","https://example.test/page-200","1","Example help & guidance","1","","0","Example page 200","1","true","","0",""
"201","https://example.test/guides/page-201","/guides/","200","text/html","indexable","","https://example.test/page-201","1","Example help & guidance","1","A synthetic page 201 for this sample report.","1","Example page 201","1","false","","1",""
"202","https://example.test/products/page-202","/products/","200","text/html","indexable","","https://example.test/page-202","1","Example help & guidance","1","A synthetic page 202 for this sample report.","1","Example page 202","1","true","","2",""
"203","https://example.test/support/page-203","/support/","200","text/html","indexable","","https://example.test/page-203","1","Example help & guidance","1","A synthetic page 203 for this sample report.","1","Example page 203","1","false","","3",""
"204","https://example.test/guides/page-204","/guides/","200","text/html","indexable","","https://example.test/page-204","1","Example help & guidance","1","A synthetic page 204 for this sample report.","1","Example page 204","1","true","","4",""
"205","https://example.test/products/page-205","/products/","200","text/html","indexable","","https://example.test/page-205","1","Example help & guidance","1","","0","Example page 205","1","false","","5",""
"206","https://example.test/support/page-206","/support/","200","text/html","indexable","","https://example.test/page-206","1","Example help & guidance","1","A synthetic page 206 for this sample report.","1","Example page 206","1","true","","6",""
"207","https://example.test/guides/page-207","/guides/","200","text/html","indexable","","https://example.test/page-207","1","Example help & guidance","1","A synthetic page 207 for this sample report.","1","Example page 207","1","false","","7",""
"208","https://example.test/products/page-208","/products/","200","text/html","indexable","","https://example.test/page-208","1","Example help & guidance","1","A synthetic page 208 for this sample report.","1","Example page 208","1","true","","8",""
"209","https://example.test/support/page-209","/support/","200","text/html","indexable","","https://example.test/page-209","1","Example help & guidance","1","A synthetic page 209 for this sample report.","1","Example page 209","1","false","","9",""
"210","https://example.test/guides/page-210","/guides/","200","text/html","indexable","","https://example.test/page-210","1","Example help & guidance","1","","0","Example page 210","1","true","","10",""
"211","https://example.test/products/page-211","/products/","200","text/html","indexable","","https://example.test/page-211","1","Example help & guidance","1","A synthetic page 211 for this sample report.","1","Example page 211","1","false","","11",""
"212","https://example.test/support/page-212","/support/","200","text/html","indexable","","https://example.test/page-212","1","Example help & guidance","1","A synthetic page 212 for this sample report.","1","Example page 212","1","true","","12",""
"213","https://example.test/guides/page-213","/guides/","200","text/html","indexable","","https://example.test/page-213","1","Example help & guidance","1","A synthetic page 213 for this sample report.","1","Example page 213","1","false","","13",""
"214","https://example.test/products/page-214","/products/","200","text/html","indexable","","https://example.test/page-214","1","Example help & guidance","1","A synthetic page 214 for this sample report.","1","Example page 214","1","true","","14",""
"215","https://example.test/support/page-215","/support/","200","text/html","indexable","","https://example.test/page-215","1","Example help & guidance","1","","0","Example page 215","1","false","","15",""
"216","https://example.test/guides/page-216","/guides/","200","text/html","indexable","","https://example.test/page-216","1","Example help & guidance","1","A synthetic page 216 for this sample report.","1","Example page 216","1","true","","16",""
"217","https://example.test/products/page-217","/products/","200","text/html","indexable","","https://example.test/page-217","1","Example help & guidance","1","A synthetic page 217 for this sample report.","1","Example page 217","1","false","","17",""
"218","https://example.test/support/page-218","/support/","200","text/html","indexable","","https://example.test/page-218","1","Example help & guidance","1","A synthetic page 218 for this sample report.","1","Example page 218","1","true","","18",""
"219","https://example.test/guides/page-219","/guides/","200","text/html","indexable","","https://example.test/page-219","1","Example help & guidance","1","A synthetic page 219 for this sample report.","1","Example page 219","1","false","","19",""
"220","https://example.test/products/page-220","/products/","200","text/html","indexable","","https://example.test/page-220","1","Example help & guidance","1","","0","Example page 220","1","true","","20",""
"221","https://example.test/support/page-221","/support/","200","text/html","indexable","","https://example.test/page-221","1","Example help & guidance","1","A synthetic page 221 for this sample report.","1","Example page 221","1","false","","21",""
"222","https://example.test/guides/page-222","/guides/","200","text/html","indexable","","https://example.test/page-222","1","Example help & guidance","1","A synthetic page 222 for this sample report.","1","Example page 222","1","true","","22",""
"223","https://example.test/products/page-223","/products/","200","text/html","indexable","","https://example.test/page-223","1","Example help & guidance","1","A synthetic page 223 for this sample report.","1","Example page 223","1","false","","23",""
"224","https://example.test/support/page-224","/support/","200","text/html","indexable","","https://example.test/page-224","1","Example help & guidance","1","A synthetic page 224 for this sample report.","1","Example page 224","1","true","","24",""
"225","https://example.test/guides/page-225","/guides/","200","text/html","indexable","","https://example.test/page-225","1","Example help & guidance","1","","0","Example page 225","1","false","","25",""
"226","https://example.test/products/page-226","/products/","200","text/html","indexable","","https://example.test/page-226","1","Example help & guidance","1","A synthetic page 226 for this sample report.","1","Example page 226","1","true","","26",""
"227","https://example.test/support/page-227","/support/","200","text/html","indexable","","https://example.test/page-227","1","Example help & guidance","1","A synthetic page 227 for this sample report.","1","Example page 227","1","false","","27",""
"228","https://example.test/guides/page-228","/guides/","200","text/html","indexable","","https://example.test/page-228","1","Example help & guidance","1","A synthetic page 228 for this sample report.","1","Example page 228","1","true","","28",""
"229","https://example.test/products/page-229","/products/","200","text/html","indexable","","https://example.test/page-229","1","Example help & guidance","1","A synthetic page 229 for this sample report.","1","Example page 229","1","false","","29",""
"230","https://example.test/support/page-230","/support/","200","text/html","non-indexable","Noindex","https://example.test/page-230","1","Example help & guidance","1","","0","Example page 230","1","true","","30",""
"231","https://example.test/guides/page-231","/guides/","200","text/html","indexable","","https://example.test/page-231","1","Example help & guidance","1","A synthetic page 231 for this sample report.","1","Example page 231","1","false","","31",""
"232","https://example.test/products/page-232","/products/","200","text/html","indexable","","https://example.test/page-232","1","Example help & guidance","1","A synthetic page 232 for this sample report.","1","Example page 232","1","true","","32",""
"233","https://example.test/support/page-233","/support/","200","text/html","indexable","","https://example.test/page-233","1","Example help & guidance","1","A synthetic page 233 for this sample report.","1","Example page 233","1","false","","33",""
"234","https://example.test/guides/page-234","/guides/","200","text/html","indexable","","https://example.test/page-234","1","Example help & guidance","1","A synthetic page 234 for this sample report.","1","Example page 234","1","true","","34",""
"235","https://example.test/products/page-235","/products/","200","text/html","indexable","","https://example.test/page-235","1","Example help & guidance","1","","0","Example page 235","1","false","","35",""
"236","https://example.test/support/page-236","/support/","200","text/html","indexable","","https://example.test/page-236","1","Example help & guidance","1","A synthetic page 236 for this sample report.","1","Example page 236","1","true","","36",""
"237","https://example.test/guides/page-237","/guides/","200","text/html","indexable","","https://example.test/page-237","1","Example help & guidance","1","A synthetic page 237 for this sample report.","1","Example page 237","1","false","","37",""
"238","https://example.test/products/page-238","/products/","200","text/html","indexable","","https://example.test/page-238","1","Example help & guidance","1","A synthetic page 238 for this sample report.","1","Example page 238","1","true","","38",""
"239","https://example.test/support/page-239","/support/","200","text/html","indexable","","https://example.test/page-239","1","Example help & guidance","1","A synthetic page 239 for this sample report.","1","Example page 239","1","false","","39",""
"240","https://example.test/guides/page-240","/guides/","200","text/html","indexable","","https://example.test/page-240","1","Example help & guidance","1","","0","Example page 240","1","true","","0",""
"241","https://example.test/products/page-241","/products/","200","text/html","indexable","","https://example.test/page-241","1","Example help & guidance","1","A synthetic page 241 for this sample report.","1","Example page 241","1","false","","1",""
"242","https://example.test/support/page-242","/support/","200","text/html","indexable","","https://example.test/page-242","1","Example help & guidance","1","A synthetic page 242 for this sample report.","1","Example page 242","1","true","","2",""
"243","https://example.test/guides/page-243","/guides/","200","text/html","indexable","","https://example.test/page-243","1","Example help & guidance","1","A synthetic page 243 for this sample report.","1","Example page 243","1","false","","3",""
"244","https://example.test/products/page-244","/products/","200","text/html","indexable","","https://example.test/page-244","1","Example help & guidance","1","A synthetic page 244 for this sample report.","1","Example page 244","1","true","","4",""
"245","https://example.test/support/page-245","/support/","200","text/html","indexable","","https://example.test/page-245","1","Example help & guidance","1","","0","Example page 245","1","false","","5",""
"246","https://example.test/guides/page-246","/guides/","200","text/html","indexable","","https://example.test/page-246","1","Example help & guidance","1","A synthetic page 246 for this sample report.","1","Example page 246","1","true","","6",""
"247","https://example.test/products/page-247","/products/","200","text/html","indexable","","https://example.test/page-247","1","Example help & guidance","1","A synthetic page 247 for this sample report.","1","Example page 247","1","false","","7",""
"248","https://example.test/support/page-248","/support/","200","text/html","indexable","","https://example.test/page-248","1","Example help & guidance","1","A synthetic page 248 for this sample report.","1","Example page 248","1","true","","8",""
"249","https://example.test/guides/page-249","/guides/","200","text/html","indexable","","https://example.test/page-249","1","Example help & guidance","1","A synthetic page 249 for this sample report.","1","Example page 249","1","false","","9",""
"250","https://example.test/products/page-250","/products/","200","text/html","indexable","","https://example.test/page-250","1","Example help & guidance","1","","0","Example page 250","1","true","","10",""
"251","https://example.test/support/page-251","/support/","200","text/html","indexable","","https://example.test/page-251","1","Example help & guidance","1","A synthetic page 251 for this sample report.","1","Example page 251","1","false","","11",""
"252","https://example.test/guides/page-252","/guides/","200","text/html","indexable","","https://example.test/page-252","1","Example help & guidance","1","A synthetic page 252 for this sample report.","1","Example page 252","1","true","","12",""
"253","https://example.test/products/page-253","/products/","200","text/html","indexable","","https://example.test/page-253","1","Example help & guidance","1","A synthetic page 253 for this sample report.","1","Example page 253","1","false","","13",""
"254","https://example.test/support/page-254","/support/","200","text/html","indexable","","https://example.test/page-254","1","Example help & guidance","1","A synthetic page 254 for this sample report.","1","Example page 254","1","true","","14",""
"255","https://example.test/guides/page-255","/guides/","200","text/html","indexable","","https://example.test/page-255","1","Example help & guidance","1","","0","Example page 255","1","false","","15",""
"256","https://example.test/products/page-256","/products/","200","text/html","indexable","","https://example.test/page-256","1","Example help & guidance","1","A synthetic page 256 for this sample report.","1","Example page 256","1","true","","16",""
"257","https://example.test/support/page-257","/support/","200","text/html","indexable","","https://example.test/page-257","1","Example help & guidance","1","A synthetic page 257 for this sample report.","1","Example page 257","1","false","","17",""
"258","https://example.test/guides/page-258","/guides/","200","text/html","indexable","","https://example.test/page-258","1","Example help & guidance","1","A synthetic page 258 for this sample report.","1","Example page 258","1","true","","18",""
"259","https://example.test/products/page-259","/products/","200","text/html","indexable","","https://example.test/page-259","1","Example help & guidance","1","A synthetic page 259 for this sample report.","1","Example page 259","1","false","","19",""
"260","https://example.test/support/page-260","/support/","200","text/html","non-indexable","Noindex","https://example.test/page-260","1","Example help & guidance","1","","0","Example page 260","1","true","","20",""
"261","https://example.test/guides/page-261","/guides/","200","text/html","indexable","","https://example.test/page-261","1","Example help & guidance","1","A synthetic page 261 for this sample report.","1","Example page 261","1","false","","21",""
"262","https://example.test/products/page-262","/products/","200","text/html","indexable","","https://example.test/page-262","1","Example help & guidance","1","A synthetic page 262 for this sample report.","1","Example page 262","1","true","","22",""
"263","https://example.test/support/page-263","/support/","200","text/html","indexable","","https://example.test/page-263","1","Example help & guidance","1","A synthetic page 263 for this sample report.","1","Example page 263","1","false","","23",""
"264","https://example.test/guides/page-264","/guides/","200","text/html","indexable","","https://example.test/page-264","1","Example help & guidance","1","A synthetic page 264 for this sample report.","1","Example page 264","1","true","","24",""
"265","https://example.test/products/page-265","/products/","200","text/html","indexable","","https://example.test/page-265","1","Example help & guidance","1","","0","Example page 265","1","false","","25",""
"266","https://example.test/support/page-266","/support/","200","text/html","indexable","","https://example.test/page-266","1","Example help & guidance","1","A synthetic page 266 for this sample report.","1","Example page 266","1","true","","26",""
"267","https://example.test/guides/page-267","/guides/","200","text/html","indexable","","https://example.test/page-267","1","Example help & guidance","1","A synthetic page 267 for this sample report.","1","Example page 267","1","false","","27",""
"268","https://example.test/products/page-268","/products/","200","text/html","indexable","","https://example.test/page-268","1","Example help & guidance","1","A synthetic page 268 for this sample report.","1","Example page 268","1","true","","28",""
"269","https://example.test/support/page-269","/support/","200","text/html","indexable","","https://example.test/page-269","1","Example help & guidance","1","A synthetic page 269 for this sample report.","1","Example page 269","1","false","","29",""
"270","https://example.test/guides/page-270","/guides/","200","text/html","indexable","","https://example.test/page-270","1","Example help & guidance","1","","0","Example page 270","1","true","","30",""
"271","https://example.test/products/page-271","/products/","200","text/html","indexable","","https://example.test/page-271","1","Example help & guidance","1","A synthetic page 271 for this sample report.","1","Example page 271","1","false","","31",""
"272","https://example.test/support/page-272","/support/","200","text/html","indexable","","https://example.test/page-272","1","Example help & guidance","1","A synthetic page 272 for this sample report.","1","Example page 272","1","true","","32",""
"273","https://example.test/guides/page-273","/guides/","200","text/html","indexable","","https://example.test/page-273","1","Example help & guidance","1","A synthetic page 273 for this sample report.","1","Example page 273","1","false","","33",""
"274","https://example.test/products/page-274","/products/","200","text/html","indexable","","https://example.test/page-274","1","Example help & guidance","1","A synthetic page 274 for this sample report.","1","Example page 274","1","true","","34",""
"275","https://example.test/support/page-275","/support/","200","text/html","indexable","","https://example.test/page-275","1","Example help & guidance","1","","0","Example page 275","1","false","","35",""
"276","https://example.test/guides/page-276","/guides/","200","text/html","indexable","","https://example.test/page-276","1","Example help & guidance","1","A synthetic page 276 for this sample report.","1","Example page 276","1","true","","36",""
"277","https://example.test/products/page-277","/products/","200","text/html","indexable","","https://example.test/page-277","1","Example help & guidance","1","A synthetic page 277 for this sample report.","1","Example page 277","1","false","","37",""
"278","https://example.test/support/page-278","/support/","200","text/html","indexable","","https://example.test/page-278","1","Example help & guidance","1","A synthetic page 278 for this sample report.","1","Example page 278","1","true","","38",""
"279","https://example.test/guides/page-279","/guides/","200","text/html","indexable","","https://example.test/page-279","1","Example help & guidance","1","A synthetic page 279 for this sample report.","1","Example page 279","1","false","","39",""
"280","https://example.test/products/page-280","/products/","200","text/html","indexable","","https://example.test/page-280","1","Example help & guidance","1","","0","Example page 280","1","true","","0",""
"281","https://example.test/support/page-281","/support/","200","text/html","indexable","","https://example.test/page-281","1","Example help & guidance","1","A synthetic page 281 for this sample report.","1","Example page 281","1","false","","1",""
"282","https://example.test/guides/page-282","/guides/","200","text/html","indexable","","https://example.test/page-282","1","Example help & guidance","1","A synthetic page 282 for this sample report.","1","Example page 282","1","true","","2",""
"283","https://example.test/products/page-283","/products/","200","text/html","indexable","","https://example.test/page-283","1","Example help & guidance","1","A synthetic page 283 for this sample report.","1","Example page 283","1","false","","3",""
"284","https://example.test/support/page-284","/support/","200","text/html","indexable","","https://example.test/page-284","1","Example help & guidance","1","A synthetic page 284 for this sample report.","1","Example page 284","1","true","","4",""
"285","https://example.test/guides/page-285","/guides/","200","text/html","indexable","","https://example.test/page-285","1","Example help & guidance","1","","0","Example page 285","1","false","","5",""
"286","https://example.test/products/page-286","/products/","200","text/html","indexable","","https://example.test/page-286","1","Example help & guidance","1","A synthetic page 286 for this sample report.","1","Example page 286","1","true","","6",""
"287","https://example.test/support/page-287","/support/","200","text/html","indexable","","https://example.test/page-287","1","Example help & guidance","1","A synthetic page 287 for this sample report.","1","Example page 287","1","false","","7",""
"288","https://example.test/guides/page-288","/guides/","200","text/html","indexable","","https://example.test/page-288","1","Example help & guidance","1","A synthetic page 288 for this sample report.","1","Example page 288","1","true","","8",""
"289","https://example.test/products/page-289","/products/","200","text/html","indexable","","https://example.test/page-289","1","Example help & guidance","1","A synthetic page 289 for this sample report.","1","Example page 289","1","false","","9",""
"290","https://example.test/support/page-290","/support/","200","text/html","non-indexable","Noindex","https://example.test/page-290","1","Example help & guidance","1","","0","Example page 290","1","true","","10",""
"291","https://example.test/guides/page-291","/guides/","200","text/html","indexable","","https://example.test/page-291","1","Example help & guidance","1","A synthetic page 291 for this sample report.","1","Example page 291","1","false","","11",""
"292","https://example.test/products/page-292","/products/","200","text/html","indexable","","https://example.test/page-292","1","Example help & guidance","1","A synthetic page 292 for this sample report.","1","Example page 292","1","true","","12",""
"293","https://example.test/support/page-293","/support/","200","text/html","indexable","","https://example.test/page-293","1","Example help & guidance","1","A synthetic page 293 for this sample report.","1","Example page 293","1","false","","13",""
"294","https://example.test/guides/page-294","/guides/","200","text/html","indexable","","https://example.test/page-294","1","Example help & guidance","1","A synthetic page 294 for this sample report.","1","Example page 294","1","true","","14",""
"295","https://example.test/products/page-295","/products/","200","text/html","indexable","","https://example.test/page-295","1","Example help & guidance","1","","0","Example page 295","1","false","","15",""
"296","https://example.test/support/page-296","/support/","200","text/html","indexable","","https://example.test/page-296","1","Example help & guidance","1","A synthetic page 296 for this sample report.","1","Example page 296","1","true","","16",""
"297","https://example.test/guides/page-297","/guides/","200","text/html","indexable","","https://example.test/page-297","1","Example help & guidance","1","A synthetic page 297 for this sample report.","1","Example page 297","1","false","","17",""
"298","https://example.test/products/page-298","/products/","200","text/html","indexable","","https://example.test/page-298","1","Example help & guidance","1","A synthetic page 298 for this sample report.","1","Example page 298","1","true","","18",""
"299","https://example.test/support/page-299","/support/","200","text/html","indexable","","https://example.test/page-299","1","Example help & guidance","1","A synthetic page 299 for this sample report.","1","Example page 299","1","false","","19",""
"300","https://example.test/guides/page-300","/guides/","200","text/html","indexable","","https://example.test/page-300","1","Example help & guidance","1","","0","Example page 300","1","true","","20",""
"301","https://example.test/products/page-301","/products/","200","text/html","indexable","","https://example.test/page-301","1","Example help & guidance","1","A synthetic page 301 for this sample report.","1","Example page 301","1","false","","21",""
"302","https://example.test/support/page-302","/support/","200","text/html","indexable","","https://example.test/page-302","1","Example help & guidance","1","A synthetic page 302 for this sample report.","1","Example page 302","1","true","","22",""
"303","https://example.test/guides/page-303","/guides/","200","text/html","indexable","","https://example.test/page-303","1","Example help & guidance","1","A synthetic page 303 for this sample report.","1","Example page 303","1","false","","23",""
"304","https://example.test/products/page-304","/products/","200","text/html","indexable","","https://example.test/page-304","1","Example help & guidance","1","A synthetic page 304 for this sample report.","1","Example page 304","1","true","","24",""
"305","https://example.test/support/page-305","/support/","200","text/html","indexable","","https://example.test/page-305","1","Example help & guidance","1","","0","Example page 305","1","false","","25",""
"306","https://example.test/guides/page-306","/guides/","200","text/html","indexable","","https://example.test/page-306","1","Example help & guidance","1","A synthetic page 306 for this sample report.","1","Example page 306","1","true","","26",""
"307","https://example.test/products/page-307","/products/","200","text/html","indexable","","https://example.test/page-307","1","Example help & guidance","1","A synthetic page 307 for this sample report.","1","Example page 307","1","false","","27",""
"308","https://example.test/support/page-308","/support/","200","text/html","indexable","","https://example.test/page-308","1","Example help & guidance","1","A synthetic page 308 for this sample report.","1","Example page 308","1","true","","28",""
"309","https://example.test/guides/page-309","/guides/","200","text/html","indexable","","https://example.test/page-309","1","Example help & guidance","1","A synthetic page 309 for this sample report.","1","Example page 309","1","false","","29",""
"310","https://example.test/products/page-310","/products/","200","text/html","indexable","","https://example.test/page-310","1","Example help & guidance","1","","0","Example page 310","1","true","","30",""
"311","https://example.test/support/page-311","/support/","200","text/html","indexable","","https://example.test/page-311","1","Example help & guidance","1","A synthetic page 311 for this sample report.","1","Example page 311","1","false","","31",""
"312","https://example.test/guides/page-312","/guides/","200","text/html","indexable","","https://example.test/page-312","1","Example help & guidance","1","A synthetic page 312 for this sample report.","1","Example page 312","1","true","","32",""
"313","https://example.test/products/page-313","/products/","200","text/html","indexable","","https://example.test/page-313","1","Example help & guidance","1","A synthetic page 313 for this sample report.","1","Example page 313","1","false","","33",""
"314","https://example.test/support/page-314","/support/","200","text/html","indexable","","https://example.test/page-314","1","Example help & guidance","1","A synthetic page 314 for this sample report.","1","Example page 314","1","true","","34",""
"315","https://example.test/guides/page-315","/guides/","200","text/html","indexable","","https://example.test/page-315","1","Example help & guidance","1","","0","Example page 315","1","false","","35",""
"316","https://example.test/products/page-316","/products/","200","text/html","indexable","","https://example.test/page-316","1","Example help & guidance","1","A synthetic page 316 for this sample report.","1","Example page 316","1","true","","36",""
"317","https://example.test/support/page-317","/support/","200","text/html","indexable","","https://example.test/page-317","1","Example help & guidance","1","A synthetic page 317 for this sample report.","1","Example page 317","1","false","","37",""
"318","https://example.test/guides/page-318","/guides/","200","text/html","indexable","","https://example.test/page-318","1","Example help & guidance","1","A synthetic page 318 for this sample report.","1","Example page 318","1","true","","38",""
"319","https://example.test/products/page-319","/products/","200","text/html","indexable","","https://example.test/page-319","1","Example help & guidance","1","A synthetic page 319 for this sample report.","1","Example page 319","1","false","","39",""
"320","https://example.test/support/page-320","/support/","200","text/html","non-indexable","Noindex","https://example.test/page-320","1","Example help & guidance","1","","0","Example page 320","1","true","","0",""
"321","https://example.test/guides/page-321","/guides/","200","text/html","indexable","","https://example.test/page-321","1","Example help & guidance","1","A synthetic page 321 for this sample report.","1","Example page 321","1","false","","1",""
"322","https://example.test/products/page-322","/products/","200","text/html","indexable","","https://example.test/page-322","1","Example help & guidance","1","A synthetic page 322 for this sample report.","1","Example page 322","1","true","","2",""
"323","https://example.test/support/page-323","/support/","200","text/html","indexable","","https://example.test/page-323","1","Example help & guidance","1","A synthetic page 323 for this sample report.","1","Example page 323","1","false","","3",""
"324","https://example.test/guides/page-324","/guides/","200","text/html","indexable","","https://example.test/page-324","1","Example help & guidance","1","A synthetic page 324 for this sample report.","1","Example page 324","1","true","","4",""
"325","https://example.test/products/page-325","/products/","200","text/html","indexable","","https://example.test/page-325","1","Example help & guidance","1","","0","Example page 325","1","false","","5",""
"326","https://example.test/support/page-326","/support/","200","text/html","indexable","","https://example.test/page-326","1","Example help & guidance","1","A synthetic page 326 for this sample report.","1","Example page 326","1","true","","6",""
"327","https://example.test/guides/page-327","/guides/","200","text/html","indexable","","https://example.test/page-327","1","Example help & guidance","1","A synthetic page 327 for this sample report.","1","Example page 327","1","false","","7",""
"328","https://example.test/products/page-328","/products/","200","text/html","indexable","","https://example.test/page-328","1","Example help & guidance","1","A synthetic page 328 for this sample report.","1","Example page 328","1","true","","8",""
"329","https://example.test/support/page-329","/support/","200","text/html","indexable","","https://example.test/page-329","1","Example help & guidance","1","A synthetic page 329 for this sample report.","1","Example page 329","1","false","","9",""
"330","https://example.test/guides/page-330","/guides/","200","text/html","indexable","","https://example.test/page-330","1","Example help & guidance","1","","0","Example page 330","1","true","","10",""
"331","https://example.test/products/page-331","/products/","200","text/html","indexable","","https://example.test/page-331","1","Example help & guidance","1","A synthetic page 331 for this sample report.","1","Example page 331","1","false","","11",""
"332","https://example.test/support/page-332","/support/","200","text/html","indexable","","https://example.test/page-332","1","Example help & guidance","1","A synthetic page 332 for this sample report.","1","Example page 332","1","true","","12",""
"333","https://example.test/guides/page-333","/guides/","200","text/html","indexable","","https://example.test/page-333","1","Example help & guidance","1","A synthetic page 333 for this sample report.","1","Example page 333","1","false","","13",""
"334","https://example.test/products/page-334","/products/","200","text/html","indexable","","https://example.test/page-334","1","Example help & guidance","1","A synthetic page 334 for this sample report.","1","Example page 334","1","true","","14",""
"335","https://example.test/support/page-335","/support/","200","text/html","indexable","","https://example.test/page-335","1","Example help & guidance","1","","0","Example page 335","1","false","","15",""
"336","https://example.test/guides/page-336","/guides/","200","text/html","indexable","","https://example.test/page-336","1","Example help & guidance","1","A synthetic page 336 for this sample report.","1","Example page 336","1","true","","16",""
"337","https://example.test/products/page-337","/products/","200","text/html","indexable","","https://example.test/page-337","1","Example help & guidance","1","A synthetic page 337 for this sample report.","1","Example page 337","1","false","","17",""
"338","https://example.test/support/page-338","/support/","200","text/html","indexable","","https://example.test/page-338","1","Example help & guidance","1","A synthetic page 338 for this sample report.","1","Example page 338","1","true","","18",""
"339","https://example.test/guides/page-339","/guides/","200","text/html","indexable","","https://example.test/page-339","1","Example help & guidance","1","A synthetic page 339 for this sample report.","1","Example page 339","1","false","","19",""
"340","https://example.test/products/page-340","/products/","200","text/html","indexable","","https://example.test/page-340","1","Example help & guidance","1","","0","Example page 340","1","true","","20",""
"341","https://example.test/support/page-341","/support/","200","text/html","indexable","","https://example.test/page-341","1","Example help & guidance","1","A synthetic page 341 for this sample report.","1","Example page 341","1","false","","21",""
"342","https://example.test/guides/page-342","/guides/","200","text/html","indexable","","https://example.test/page-342","1","Example help & guidance","1","A synthetic page 342 for this sample report.","1","Example page 342","1","true","","22",""
"343","https://example.test/products/page-343","/products/","200","text/html","indexable","","https://example.test/page-343","1","Example help & guidance","1","A synthetic page 343 for this sample report.","1","Example page 343","1","false","","23",""
"344","https://example.test/support/page-344","/support/","200","text/html","indexable","","https://example.test/page-344","1","Example help & guidance","1","A synthetic page 344 for this sample report.","1","Example page 344","1","true","","24",""
"345","https://example.test/guides/page-345","/guides/","200","text/html","indexable","","https://example.test/page-345","1","Example help & guidance","1","","0","Example page 345","1","false","","25",""
"346","https://example.test/products/page-346","/products/","200","text/html","indexable","","https://example.test/page-346","1","Example help & guidance","1","A synthetic page 346 for this sample report.","1","Example page 346","1","true","","26",""
"347","https://example.test/support/page-347","/support/","200","text/html","indexable","","https://example.test/page-347","1","Example help & guidance","1","A synthetic page 347 for this sample report.","1","Example page 347","1","false","","27",""
"348","https://example.test/guides/page-348","/guides/","200","text/html","indexable","","https://example.test/page-348","1","Example help & guidance","1","A synthetic page 348 for this sample report.","1","Example page 348","1","true","","28",""
"349","https://example.test/products/page-349","/products/","200","text/html","indexable","","https://example.test/page-349","1","Example help & guidance","1","A synthetic page 349 for this sample report.","1","Example page 349","1","false","","29",""
"350","https://example.test/support/page-350","/support/","200","text/html","non-indexable","Noindex","https://example.test/page-350","1","Example help & guidance","1","","0","Example page 350","1","true","","30",""
"351","https://example.test/guides/page-351","/guides/","200","text/html","indexable","","https://example.test/page-351","1","Example help & guidance","1","A synthetic page 351 for this sample report.","1","Example page 351","1","false","","31",""
"352","https://example.test/products/page-352","/products/","200","text/html","indexable","","https://example.test/page-352","1","Example help & guidance","1","A synthetic page 352 for this sample report.","1","Example page 352","1","true","","32",""
"353","https://example.test/support/page-353","/support/","200","text/html","indexable","","https://example.test/page-353","1","Example help & guidance","1","A synthetic page 353 for this sample report.","1","Example page 353","1","false","","33",""
"354","https://example.test/guides/page-354","/guides/","200","text/html","indexable","","https://example.test/page-354","1","Example help & guidance","1","A synthetic page 354 for this sample report.","1","Example page 354","1","true","","34",""
"355","https://example.test/products/page-355","/products/","200","text/html","indexable","","https://example.test/page-355","1","Example help & guidance","1","","0","Example page 355","1","false","","35",""
"356","https://example.test/support/page-356","/support/","200","text/html","indexable","","https://example.test/page-356","1","Example help & guidance","1","A synthetic page 356 for this sample report.","1","Example page 356","1","true","","36",""
"357","https://example.test/guides/page-357","/guides/","200","text/html","indexable","","https://example.test/page-357","1","Example help & guidance","1","A synthetic page 357 for this sample report.","1","Example page 357","1","false","","37",""
"358","https://example.test/products/page-358","/products/","200","text/html","indexable","","https://example.test/page-358","1","Example help & guidance","1","A synthetic page 358 for this sample report.","1","Example page 358","1","true","","38",""
"359","https://example.test/support/page-359","/support/","200","text/html","indexable","","https://example.test/page-359","1","Example help & guidance","1","A synthetic page 359 for this sample report.","1","Example page 359","1","false","","39",""
"360","https://example.test/guides/page-360","/guides/","200","text/html","indexable","","https://example.test/page-360","1","Example help & guidance","1","","0","Example page 360","1","true","","0",""
"361","https://example.test/products/page-361","/products/","200","text/html","indexable","","https://example.test/page-361","1","Example help & guidance","1","A synthetic page 361 for this sample report.","1","Example page 361","1","false","","1",""
"362","https://example.test/support/page-362","/support/","200","text/html","indexable","","https://example.test/page-362","1","Example help & guidance","1","A synthetic page 362 for this sample report.","1","Example page 362","1","true","","2",""
"363","https://example.test/guides/page-363","/guides/","200","text/html","indexable","","https://example.test/page-363","1","Example help & guidance","1","A synthetic page 363 for this sample report.","1","Example page 363","1","false","","3",""
"364","https://example.test/products/page-364","/products/","200","text/html","indexable","","https://example.test/page-364","1","Example help & guidance","1","A synthetic page 364 for this sample report.","1","Example page 364","1","true","","4",""
"365","https://example.test/support/page-365","/support/","200","text/html","indexable","","https://example.test/page-365","1","Example help & guidance","1","","0","Example page 365","1","false","","5",""
"366","https://example.test/guides/page-366","/guides/","200","text/html","indexable","","https://example.test/page-366","1","Example help & guidance","1","A synthetic page 366 for this sample report.","1","Example page 366","1","true","","6",""
"367","https://example.test/products/page-367","/products/","200","text/html","indexable","","https://example.test/page-367","1","Example help & guidance","1","A synthetic page 367 for this sample report.","1","Example page 367","1","false","","7",""
"368","https://example.test/support/page-368","/support/","200","text/html","indexable","","https://example.test/page-368","1","Example help & guidance","1","A synthetic page 368 for this sample report.","1","Example page 368","1","true","","8",""
"369","https://example.test/guides/page-369","/guides/","200","text/html","indexable","","https://example.test/page-369","1","Example help & guidance","1","A synthetic page 369 for this sample report.","1","Example page 369","1","false","","9",""
"370","https://example.test/products/page-370","/products/","200","text/html","indexable","","https://example.test/page-370","1","Example help & guidance","1","","0","Example page 370","1","true","","10",""
"371","https://example.test/support/page-371","/support/","200","text/html","indexable","","https://example.test/page-371","1","Example help & guidance","1","A synthetic page 371 for this sample report.","1","Example page 371","1","false","","11",""
"372","https://example.test/guides/page-372","/guides/","200","text/html","indexable","","https://example.test/page-372","1","Example help & guidance","1","A synthetic page 372 for this sample report.","1","Example page 372","1","true","","12",""
"373","https://example.test/products/page-373","/products/","200","text/html","indexable","","https://example.test/page-373","1","Example help & guidance","1","A synthetic page 373 for this sample report.","1","Example page 373","1","false","","13",""
"374","https://example.test/support/page-374","/support/","200","text/html","indexable","","https://example.test/page-374","1","Example help & guidance","1","A synthetic page 374 for this sample report.","1","Example page 374","1","true","","14",""
"375","https://example.test/guides/page-375","/guides/","200","text/html","indexable","","https://example.test/page-375","1","Example help & guidance","1","","0","Example page 375","1","false","","15",""
"376","https://example.test/products/page-376","/products/","200","text/html","indexable","","https://example.test/page-376","1","Example help & guidance","1","A synthetic page 376 for this sample report.","1","Example page 376","1","true","","16",""
"377","https://example.test/support/page-377","/support/","200","text/html","indexable","","https://example.test/page-377","1","Example help & guidance","1","A synthetic page 377 for this sample report.","1","Example page 377","1","false","","17",""
"378","https://example.test/guides/page-378","/guides/","200","text/html","indexable","","https://example.test/page-378","1","Example help & guidance","1","A synthetic page 378 for this sample report.","1","Example page 378","1","true","","18",""
"379","https://example.test/products/page-379","/products/","200","text/html","indexable","","https://example.test/page-379","1","Example help & guidance","1","A synthetic page 379 for this sample report.","1","Example page 379","1","false","","19",""
"380","https://example.test/support/page-380","/support/","200","text/html","non-indexable","Noindex","https://example.test/page-380","1","Example help & guidance","1","","0","Example page 380","1","true","","20",""
"381","https://example.test/guides/page-381","/guides/","200","text/html","indexable","","https://example.test/page-381","1","Example help & guidance","1","A synthetic page 381 for this sample report.","1","Example page 381","1","false","","21",""
"382","https://example.test/products/page-382","/products/","200","text/html","indexable","","https://example.test/page-382","1","Example help & guidance","1","A synthetic page 382 for this sample report.","1","Example page 382","1","true","","22",""
"383","https://example.test/support/page-383","/support/","200","text/html","indexable","","https://example.test/page-383","1","Example help & guidance","1","A synthetic page 383 for this sample report.","1","Example page 383","1","false","","23",""
"384","https://example.test/guides/page-384","/guides/","200","text/html","indexable","","https://example.test/page-384","1","Example help & guidance","1","A synthetic page 384 for this sample report.","1","Example page 384","1","true","","24",""
"385","https://example.test/products/page-385","/products/","200","text/html","indexable","","https://example.test/page-385","1","Example help & guidance","1","","0","Example page 385","1","false","","25",""
"386","https://example.test/support/page-386","/support/","200","text/html","indexable","","https://example.test/page-386","1","Example help & guidance","1","A synthetic page 386 for this sample report.","1","Example page 386","1","true","","26",""
"387","https://example.test/guides/page-387","/guides/","200","text/html","indexable","","https://example.test/page-387","1","Example help & guidance","1","A synthetic page 387 for this sample report.","1","Example page 387","1","false","","27",""
"388","https://example.test/products/page-388","/products/","200","text/html","indexable","","https://example.test/page-388","1","Example help & guidance","1","A synthetic page 388 for this sample report.","1","Example page 388","1","true","","28",""
"389","https://example.test/support/page-389","/support/","200","text/html","indexable","","https://example.test/page-389","1","Example help & guidance","1","A synthetic page 389 for this sample report.","1","Example page 389","1","false","","29",""
"390","https://example.test/guides/page-390","/guides/","200","text/html","indexable","","https://example.test/page-390","1","Example help & guidance","1","","0","Example page 390","1","true","","30",""
"391","https://example.test/products/page-391","/products/","200","text/html","indexable","","https://example.test/page-391","1","Example help & guidance","1","A synthetic page 391 for this sample report.","1","Example page 391","1","false","","31",""
"392","https://example.test/support/page-392","/support/","200","text/html","indexable","","https://example.test/page-392","1","Example help & guidance","1","A synthetic page 392 for this sample report.","1","Example page 392","1","true","","32",""
"393","https://example.test/guides/page-393","/guides/","200","text/html","indexable","","https://example.test/page-393","1","Example help & guidance","1","A synthetic page 393 for this sample report.","1","Example page 393","1","false","","33",""
"394","https://example.test/products/page-394","/products/","200","text/html","indexable","","https://example.test/page-394","1","Example help & guidance","1","A synthetic page 394 for this sample report.","1","Example page 394","1","true","","34",""
"395","https://example.test/support/page-395","/support/","200","text/html","indexable","","https://example.test/page-395","1","Example help & guidance","1","","0","Example page 395","1","false","","35",""
"396","https://example.test/guides/page-396","/guides/","200","text/html","indexable","","https://example.test/page-396","1","Example help & guidance","1","A synthetic page 396 for this sample report.","1","Example page 396","1","true","","36",""
"397","https://example.test/products/page-397","/products/","200","text/html","indexable","","https://example.test/page-397","1","Example help & guidance","1","A synthetic page 397 for this sample report.","1","Example page 397","1","false","","37",""
"398","https://example.test/support/page-398","/support/","200","text/html","indexable","","https://example.test/page-398","1","Example help & guidance","1","A synthetic page 398 for this sample report.","1","Example page 398","1","true","","38",""
"399","https://example.test/guides/page-399","/guides/","200","text/html","indexable","","https://example.test/page-399","1","Example help & guidance","1","A synthetic page 399 for this sample report.","1","Example page 399","1","false","","39",""
"400","https://example.test/products/page-400","/products/","200","text/html","indexable","","https://example.test/page-400","1","Example help & guidance","1","","0","Example page 400","1","true","","0",""
"401","https://example.test/support/page-401","/support/","200","text/html","indexable","","https://example.test/page-401","1","Example help & guidance","1","A synthetic page 401 for this sample report.","1","Example page 401","1","false","","1",""
"402","https://example.test/guides/page-402","/guides/","200","text/html","indexable","","https://example.test/page-402","1","Example help & guidance","1","A synthetic page 402 for this sample report.","1","Example page 402","1","true","","2",""
"403","https://example.test/products/page-403","/products/","200","text/html","indexable","","https://example.test/page-403","1","Example help & guidance","1","A synthetic page 403 for this sample report.","1","Example page 403","1","false","","3",""
"404","https://example.test/support/page-404","/support/","200","text/html","indexable","","https://example.test/page-404","1","Example help & guidance","1","A synthetic page 404 for this sample report.","1","Example page 404","1","true","","4",""
"405","https://example.test/guides/page-405","/guides/","200","text/html","indexable","","https://example.test/page-405","1","Example help & guidance","1","","0","Example page 405","1","false","","5",""
"406","https://example.test/products/page-406","/products/","200","text/html","indexable","","https://example.test/page-406","1","Example help & guidance","1","A synthetic page 406 for this sample report.","1","Example page 406","1","true","","6",""
"407","https://example.test/support/page-407","/support/","200","text/html","indexable","","https://example.test/page-407","1","Example help & guidance","1","A synthetic page 407 for this sample report.","1","Example page 407","1","false","","7",""
"408","https://example.test/guides/page-408","/guides/","200","text/html","indexable","","https://example.test/page-408","1","Example help & guidance","1","A synthetic page 408 for this sample report.","1","Example page 408","1","true","","8",""
"409","https://example.test/products/page-409","/products/","200","text/html","indexable","","https://example.test/page-409","1","Example help & guidance","1","A synthetic page 409 for this sample report.","1","Example page 409","1","false","","9",""
"410","https://example.test/support/page-410","/support/","200","text/html","non-indexable","Noindex","https://example.test/page-410","1","Example help & guidance","1","","0","Example page 410","1","true","","10",""
"411","https://example.test/guides/page-411","/guides/","200","text/html","indexable","","https://example.test/page-411","1","Example help & guidance","1","A synthetic page 411 for this sample report.","1","Example page 411","1","false","","11",""
"412","https://example.test/products/page-412","/products/","200","text/html","indexable","","https://example.test/page-412","1","Example help & guidance","1","A synthetic page 412 for this sample report.","1","Example page 412","1","true","","12",""
"413","https://example.test/support/page-413","/support/","200","text/html","indexable","","https://example.test/page-413","1","Example help & guidance","1","A synthetic page 413 for this sample report.","1","Example page 413","1","false","","13",""
"414","https://example.test/guides/page-414","/guides/","200","text/html","indexable","","https://example.test/page-414","1","Example help & guidance","1","A synthetic page 414 for this sample report.","1","Example page 414","1","true","","14",""
"415","https://example.test/products/page-415","/products/","200","text/html","indexable","","https://example.test/page-415","1","Example help & guidance","1","","0","Example page 415","1","false","","15",""
"416","https://example.test/support/page-416","/support/","200","text/html","indexable","","https://example.test/page-416","1","Example help & guidance","1","A synthetic page 416 for this sample report.","1","Example page 416","1","true","","16",""
"417","https://example.test/guides/page-417","/guides/","200","text/html","indexable","","https://example.test/page-417","1","Example help & guidance","1","A synthetic page 417 for this sample report.","1","Example page 417","1","false","","17",""
"418","https://example.test/products/page-418","/products/","200","text/html","indexable","","https://example.test/page-418","1","Example help & guidance","1","A synthetic page 418 for this sample report.","1","Example page 418","1","true","","18",""
"419","https://example.test/support/page-419","/support/","200","text/html","indexable","","https://example.test/page-419","1","Example help & guidance","1","A synthetic page 419 for this sample report.","1","Example page 419","1","false","","19",""
"420","https://example.test/guides/page-420","/guides/","200","text/html","indexable","","https://example.test/page-420","1","Example help & guidance","1","","0","Example page 420","1","true","","20",""
"421","https://example.test/products/page-421","/products/","200","text/html","indexable","","https://example.test/page-421","1","Example help & guidance","1","A synthetic page 421 for this sample report.","1","Example page 421","1","false","","21",""
"422","https://example.test/support/page-422","/support/","200","text/html","indexable","","https://example.test/page-422","1","Example help & guidance","1","A synthetic page 422 for this sample report.","1","Example page 422","1","true","","22",""
"423","https://example.test/guides/page-423","/guides/","200","text/html","indexable","","https://example.test/page-423","1","Example help & guidance","1","A synthetic page 423 for this sample report.","1","Example page 423","1","false","","23",""
"424","https://example.test/products/page-424","/products/","200","text/html","indexable","","https://example.test/page-424","1","Example help & guidance","1","A synthetic page 424 for this sample report.","1","Example page 424","1","true","","24",""
"425","https://example.test/support/page-425","/support/","200","text/html","indexable","","https://example.test/page-425","1","Example help & guidance","1","","0","Example page 425","1","false","","25",""
"426","https://example.test/guides/page-426","/guides/","200","text/html","indexable","","https://example.test/page-426","1","Example help & guidance","1","A synthetic page 426 for this sample report.","1","Example page 426","1","true","","26",""
"427","https://example.test/products/page-427","/products/","200","text/html","indexable","","https://example.test/page-427","1","Example help & guidance","1","A synthetic page 427 for this sample report.","1","Example page 427","1","false","","27",""
"428","https://example.test/support/page-428","/support/","200","text/html","indexable","","https://example.test/page-428","1","Example help & guidance","1","A synthetic page 428 for this sample report.","1","Example page 428","1","true","","28",""
"429","https://example.test/guides/page-429","/guides/","200","text/html","indexable","","https://example.test/page-429","1","Example help & guidance","1","A synthetic page 429 for this sample report.","1","Example page 429","1","false","","29",""
"430","https://example.test/products/page-430","/products/","200","text/html","indexable","","https://example.test/page-430","1","Example help & guidance","1","","0","Example page 430","1","true","","30",""
"431","https://example.test/support/page-431","/support/","200","text/html","indexable","","https://example.test/page-431","1","Example help & guidance","1","A synthetic page 431 for this sample report.","1","Example page 431","1","false","","31",""
"432","https://example.test/guides/page-432","/guides/","200","text/html","indexable","","https://example.test/page-432","1","Example help & guidance","1","A synthetic page 432 for this sample report.","1","Example page 432","1","true","","32",""
"433","https://example.test/products/page-433","/products/","200","text/html","indexable","","https://example.test/page-433","1","Example help & guidance","1","A synthetic page 433 for this sample report.","1","Example page 433","1","false","","33",""
"434","https://example.test/support/page-434","/support/","200","text/html","indexable","","https://example.test/page-434","1","Example help & guidance","1","A synthetic page 434 for this sample report.","1","Example page 434","1","true","","34",""
"435","https://example.test/guides/page-435","/guides/","200","text/html","indexable","","https://example.test/page-435","1","Example help & guidance","1","","0","Example page 435","1","false","","35",""
"436","https://example.test/products/page-436","/products/","200","text/html","indexable","","https://example.test/page-436","1","Example help & guidance","1","A synthetic page 436 for this sample report.","1","Example page 436","1","true","","36",""
"437","https://example.test/support/page-437","/support/","200","text/html","indexable","","https://example.test/page-437","1","Example help & guidance","1","A synthetic page 437 for this sample report.","1","Example page 437","1","false","","37",""
"438","https://example.test/guides/page-438","/guides/","200","text/html","indexable","","https://example.test/page-438","1","Example help & guidance","1","A synthetic page 438 for this sample report.","1","Example page 438","1","true","","38",""
"439","https://example.test/products/page-439","/products/","200","text/html","indexable","","https://example.test/page-439","1","Example help & guidance","1","A synthetic page 439 for this sample report.","1","Example page 439","1","false","","39",""
"440","https://example.test/support/page-440","/support/","200","text/html","non-indexable","Noindex","https://example.test/page-440","1","Example help & guidance","1","","0","Example page 440","1","true","","0",""
"441","https://example.test/guides/page-441","/guides/","200","text/html","indexable","","https://example.test/page-441","1","Example help & guidance","1","A synthetic page 441 for this sample report.","1","Example page 441","1","false","","1",""
"442","https://example.test/products/page-442","/products/","200","text/html","indexable","","https://example.test/page-442","1","Example help & guidance","1","A synthetic page 442 for this sample report.","1","Example page 442","1","true","","2",""
"443","https://example.test/support/page-443","/support/","200","text/html","indexable","","https://example.test/page-443","1","Example help & guidance","1","A synthetic page 443 for this sample report.","1","Example page 443","1","false","","3",""
"444","https://example.test/guides/page-444","/guides/","200","text/html","indexable","","https://example.test/page-444","1","Example help & guidance","1","A synthetic page 444 for this sample report.","1","Example page 444","1","true","","4",""
"445","https://example.test/products/page-445","/products/","200","text/html","indexable","","https://example.test/page-445","1","Example help & guidance","1","","0","Example page 445","1","false","","5",""
"446","https://example.test/support/page-446","/support/","200","text/html","indexable","","https://example.test/page-446","1","Example help & guidance","1","A synthetic page 446 for this sample report.","1","Example page 446","1","true","","6",""
"447","https://example.test/guides/page-447","/guides/","200","text/html","indexable","","https://example.test/page-447","1","Example help & guidance","1","A synthetic page 447 for this sample report.","1","Example page 447","1","false","","7",""
"448","https://example.test/products/page-448","/products/","200","text/html","indexable","","https://example.test/page-448","1","Example help & guidance","1","A synthetic page 448 for this sample report.","1","Example page 448","1","true","","8",""
"449","https://example.test/support/page-449","/support/","200","text/html","indexable","","https://example.test/page-449","1","Example help & guidance","1","A synthetic page 449 for this sample report.","1","Example page 449","1","false","","9",""
"450","https://example.test/guides/page-450","/guides/","200","text/html","indexable","","https://example.test/page-450","1","Example help & guidance","1","","0","Example page 450","1","true","","10",""
"451","https://example.test/products/page-451","/products/","200","text/html","indexable","","https://example.test/page-451","1","Example help & guidance","1","A synthetic page 451 for this sample report.","1","Example page 451","1","false","","11",""
"452","https://example.test/support/page-452","/support/","200","text/html","indexable","","https://example.test/page-452","1","Example help & guidance","1","A synthetic page 452 for this sample report.","1","Example page 452","1","true","","12",""
"453","https://example.test/guides/page-453","/guides/","200","text/html","indexable","","https://example.test/page-453","1","Example help & guidance","1","A synthetic page 453 for this sample report.","1","Example page 453","1","false","","13",""
"454","https://example.test/products/page-454","/products/","200","text/html","indexable","","https://example.test/page-454","1","Example help & guidance","1","A synthetic page 454 for this sample report.","1","Example page 454","1","true","","14",""
"455","https://example.test/support/page-455","/support/","200","text/html","indexable","","https://example.test/page-455","1","Example help & guidance","1","","0","Example page 455","1","false","","15",""
"456","https://example.test/guides/page-456","/guides/","200","text/html","indexable","","https://example.test/page-456","1","Example help & guidance","1","A synthetic page 456 for this sample report.","1","Example page 456","1","true","","16",""
"457","https://example.test/products/page-457","/products/","200","text/html","indexable","","https://example.test/page-457","1","Example help & guidance","1","A synthetic page 457 for this sample report.","1","Example page 457","1","false","","17",""
"458","https://example.test/support/page-458","/support/","200","text/html","indexable","","https://example.test/page-458","1","Example help & guidance","1","A synthetic page 458 for this sample report.","1","Example page 458","1","true","","18",""
"459","https://example.test/guides/page-459","/guides/","200","text/html","indexable","","https://example.test/page-459","1","Example help & guidance","1","A synthetic page 459 for this sample report.","1","Example page 459","1","false","","19",""
"460","https://example.test/products/page-460","/products/","200","text/html","indexable","","https://example.test/page-460","1","Example help & guidance","1","","0","Example page 460","1","true","","20",""
"461","https://example.test/support/page-461","/support/","200","text/html","indexable","","https://example.test/page-461","1","Example help & guidance","1","A synthetic page 461 for this sample report.","1","Example page 461","1","false","","21",""
"462","https://example.test/guides/page-462","/guides/","200","text/html","indexable","","https://example.test/page-462","1","Example help & guidance","1","A synthetic page 462 for this sample report.","1","Example page 462","1","true","","22",""
"463","https://example.test/products/page-463","/products/","200","text/html","indexable","","https://example.test/page-463","1","Example help & guidance","1","A synthetic page 463 for this sample report.","1","Example page 463","1","false","","23",""
"464","https://example.test/support/page-464","/support/","200","text/html","indexable","","https://example.test/page-464","1","Example help & guidance","1","A synthetic page 464 for this sample report.","1","Example page 464","1","true","","24",""
"465","https://example.test/guides/page-465","/guides/","200","text/html","indexable","","https://example.test/page-465","1","Example help & guidance","1","","0","Example page 465","1","false","","25",""
"466","https://example.test/products/page-466","/products/","200","text/html","indexable","","https://example.test/page-466","1","Example help & guidance","1","A synthetic page 466 for this sample report.","1","Example page 466","1","true","","26",""
"467","https://example.test/support/page-467","/support/","200","text/html","indexable","","https://example.test/page-467","1","Example help & guidance","1","A synthetic page 467 for this sample report.","1","Example page 467","1","false","","27",""
"468","https://example.test/guides/page-468","/guides/","200","text/html","indexable","","https://example.test/page-468","1","Example help & guidance","1","A synthetic page 468 for this sample report.","1","Example page 468","1","true","","28",""
"469","https://example.test/products/page-469","/products/","200","text/html","indexable","","https://example.test/page-469","1","Example help & guidance","1","A synthetic page 469 for this sample report.","1","Example page 469","1","false","","29",""
"470","https://example.test/support/page-470","/support/","200","text/html","non-indexable","Noindex","https://example.test/page-470","1","Example help & guidance","1","","0","Example page 470","1","true","","30",""
"471","https://example.test/guides/page-471","/guides/","200","text/html","indexable","","https://example.test/page-471","1","Example help & guidance","1","A synthetic page 471 for this sample report.","1","Example page 471","1","false","","31",""
"472","https://example.test/products/page-472","/products/","200","text/html","indexable","","https://example.test/page-472","1","Example help & guidance","1","A synthetic page 472 for this sample report.","1","Example page 472","1","true","","32",""
"473","https://example.test/support/page-473","/support/","200","text/html","indexable","","https://example.test/page-473","1","Example help & guidance","1","A synthetic page 473 for this sample report.","1","Example page 473","1","false","","33",""
"474","https://example.test/guides/page-474","/guides/","200","text/html","indexable","","https://example.test/page-474","1","Example help & guidance","1","A synthetic page 474 for this sample report.","1","Example page 474","1","true","","34",""
"475","https://example.test/products/page-475","/products/","200","text/html","indexable","","https://example.test/page-475","1","Example help & guidance","1","","0","Example page 475","1","false","","35",""
"476","https://example.test/support/page-476","/support/","200","text/html","indexable","","https://example.test/page-476","1","Example help & guidance","1","A synthetic page 476 for this sample report.","1","Example page 476","1","true","","36",""
"477","https://example.test/guides/page-477","/guides/","200","text/html","indexable","","https://example.test/page-477","1","Example help & guidance","1","A synthetic page 477 for this sample report.","1","Example page 477","1","false","","37",""
"478","https://example.test/products/page-478","/products/","200","text/html","indexable","","https://example.test/page-478","1","Example help & guidance","1","A synthetic page 478 for this sample report.","1","Example page 478","1","true","","38",""
"479","https://example.test/support/page-479","/support/","200","text/html","indexable","","https://example.test/page-479","1","Example help & guidance","1","A synthetic page 479 for this sample report.","1","Example page 479","1","false","","39",""
"480","https://example.test/guides/page-480","/guides/","200","text/html","indexable","","https://example.test/page-480","1","Example help & guidance","1","","0","Example page 480","1","true","","0",""
"481","https://example.test/products/page-481","/products/","200","text/html","indexable","","https://example.test/page-481","1","Example help & guidance","1","A synthetic page 481 for this sample report.","1","Example page 481","1","false","","1",""
"482","https://example.test/support/page-482","/support/","200","text/html","indexable","","https://example.test/page-482","1","Example help & guidance","1","A synthetic page 482 for this sample report.","1","Example page 482","1","true","","2",""
"483","https://example.test/guides/page-483","/guides/","200","text/html","indexable","","https://example.test/page-483","1","Example help & guidance","1","A synthetic page 483 for this sample report.","1","Example page 483","1","false","","3",""
"484","https://example.test/products/page-484","/products/","200","text/html","indexable","","https://example.test/page-484","1","Example help & guidance","1","A synthetic page 484 for this sample report.","1","Example page 484","1","true","","4",""
"485","https://example.test/support/page-485","/support/","200","text/html","indexable","","https://example.test/page-485","1","Example help & guidance","1","","0","Example page 485","1","false","","5",""
"486","https://example.test/guides/page-486","/guides/","200","text/html","indexable","","https://example.test/page-486","1","Example help & guidance","1","A synthetic page 486 for this sample report.","1","Example page 486","1","true","","6",""
"487","https://example.test/products/page-487","/products/","200","text/html","indexable","","https://example.test/page-487","1","Example help & guidance","1","A synthetic page 487 for this sample report.","1","Example page 487","1","false","","7",""
"488","https://example.test/support/page-488","/support/","200","text/html","indexable","","https://example.test/page-488","1","Example help & guidance","1","A synthetic page 488 for this sample report.","1","Example page 488","1","true","","8",""
"489","https://example.test/guides/page-489","/guides/","200","text/html","indexable","","https://example.test/page-489","1","Example help & guidance","1","A synthetic page 489 for this sample report.","1","Example page 489","1","false","","9",""
"490","https://example.test/products/page-490","/products/","200","text/html","indexable","","https://example.test/page-490","1","Example help & guidance","1","","0","Example page 490","1","true","","10",""
"491","https://example.test/support/page-491","/support/","200","text/html","indexable","","https://example.test/page-491","1","Example help & guidance","1","A synthetic page 491 for this sample report.","1","Example page 491","1","false","","11",""
"492","https://example.test/guides/page-492","/guides/","200","text/html","indexable","","https://example.test/page-492","1","Example help & guidance","1","A synthetic page 492 for this sample report.","1","Example page 492","1","true","","12",""
"493","https://example.test/products/page-493","/products/","200","text/html","indexable","","https://example.test/page-493","1","Example help & guidance","1","A synthetic page 493 for this sample report.","1","Example page 493","1","false","","13",""
"494","https://example.test/support/page-494","/support/","200","text/html","indexable","","https://example.test/page-494","1","Example help & guidance","1","A synthetic page 494 for this sample report.","1","Example page 494","1","true","","14",""
"495","https://example.test/guides/page-495","/guides/","200","text/html","indexable","","https://example.test/page-495","1","Example help & guidance","1","","0","Example page 495","1","false","","15",""
"496","https://example.test/products/page-496","/products/","200","text/html","indexable","","https://example.test/page-496","1","Example help & guidance","1","A synthetic page 496 for this sample report.","1","Example page 496","1","true","","16",""
"497","https://example.test/support/page-497","/support/","200","text/html","indexable","","https://example.test/page-497","1","Example help & guidance","1","A synthetic page 497 for this sample report.","1","Example page 497","1","false","","17",""
"498","https://example.test/guides/page-498","/guides/","200","text/html","indexable","","https://example.test/page-498","1","Example help & guidance","1","A synthetic page 498 for this sample report.","1","Example page 498","1","true","","18",""
"499","https://example.test/products/page-499","/products/","200","text/html","indexable","","https://example.test/page-499","1","Example help & guidance","1","A synthetic page 499 for this sample report.","1","Example page 499","1","false","","19",""
"500","https://example.test/support/page-500","/support/","200","text/html","non-indexable","Noindex","https://example.test/page-500","1","Example help & guidance","1","","0","Example page 500","1","true","","20",""
"501","https://example.test/guides/page-501","/guides/","200","text/html","indexable","","https://example.test/page-501","1","Example help & guidance","1","A synthetic page 501 for this sample report.","1","Example page 501","1","false","","21",""
"502","https://example.test/products/page-502","/products/","200","text/html","indexable","","https://example.test/page-502","1","Example help & guidance","1","A synthetic page 502 for this sample report.","1","Example page 502","1","true","","22",""
"503","https://example.test/support/page-503","/support/","200","text/html","indexable","","https://example.test/page-503","1","Example help & guidance","1","A synthetic page 503 for this sample report.","1","Example page 503","1","false","","23",""
"504","https://example.test/guides/page-504","/guides/","200","text/html","indexable","","https://example.test/page-504","1","Example help & guidance","1","A synthetic page 504 for this sample report.","1","Example page 504","1","true","","24",""
"505","https://example.test/products/page-505","/products/","200","text/html","indexable","","https://example.test/page-505","1","Example help & guidance","1","","0","Example page 505","1","false","","25",""
"506","https://example.test/support/page-506","/support/","200","text/html","indexable","","https://example.test/page-506","1","Example help & guidance","1","A synthetic page 506 for this sample report.","1","Example page 506","1","true","","26",""
"507","https://example.test/guides/page-507","/guides/","200","text/html","indexable","","https://example.test/page-507","1","Example help & guidance","1","A synthetic page 507 for this sample report.","1","Example page 507","1","false","","27",""
"508","https://example.test/products/page-508","/products/","200","text/html","indexable","","https://example.test/page-508","1","Example help & guidance","1","A synthetic page 508 for this sample report.","1","Example page 508","1","true","","28",""
"509","https://example.test/support/page-509","/support/","200","text/html","indexable","","https://example.test/page-509","1","Example help & guidance","1","A synthetic page 509 for this sample report.","1","Example page 509","1","false","","29",""
"510","https://example.test/guides/page-510","/guides/","200","text/html","indexable","","https://example.test/page-510","1","Example help & guidance","1","","0","Example page 510","1","true","","30",""
"511","https://example.test/products/page-511","/products/","200","text/html","indexable","","https://example.test/page-511","1","Example help & guidance","1","A synthetic page 511 for this sample report.","1","Example page 511","1","false","","31",""
"512","https://example.test/support/page-512","/support/","200","text/html","indexable","","https://example.test/page-512","1","Example help & guidance","1","A synthetic page 512 for this sample report.","1","Example page 512","1","true","","32",""
"513","https://example.test/guides/page-513","/guides/","200","text/html","indexable","","https://example.test/page-513","1","Example help & guidance","1","A synthetic page 513 for this sample report.","1","Example page 513","1","false","","33",""
"514","https://example.test/products/page-514","/products/","200","text/html","indexable","","https://example.test/page-514","1","Example help & guidance","1","A synthetic page 514 for this sample report.","1","Example page 514","1","true","","34",""
"515","https://example.test/support/page-515","/support/","200","text/html","indexable","","https://example.test/page-515","1","Example help & guidance","1","","0","Example page 515","1","false","","35",""
"516","https://example.test/guides/page-516","/guides/","200","text/html","indexable","","https://example.test/page-516","1","Example help & guidance","1","A synthetic page 516 for this sample report.","1","Example page 516","1","true","","36",""
"517","https://example.test/products/page-517","/products/","200","text/html","indexable","","https://example.test/page-517","1","Example help & guidance","1","A synthetic page 517 for this sample report.","1","Example page 517","1","false","","37",""
"518","https://example.test/support/page-518","/support/","200","text/html","indexable","","https://example.test/page-518","1","Example help & guidance","1","A synthetic page 518 for this sample report.","1","Example page 518","1","true","","38",""
"519","https://example.test/guides/page-519","/guides/","200","text/html","indexable","","https://example.test/page-519","1","Example help & guidance","1","A synthetic page 519 for this sample report.","1","Example page 519","1","false","","39",""
"520","https://example.test/products/page-520","/products/","200","text/html","indexable","","https://example.test/page-520","1","Example help & guidance","1","","0","Example page 520","1","true","","0",""
"521","https://example.test/support/page-521","/support/","200","text/html","indexable","","https://example.test/page-521","1","Example help & guidance","1","A synthetic page 521 for this sample report.","1","Example page 521","1","false","","1",""
"522","https://example.test/guides/page-522","/guides/","200","text/html","indexable","","https://example.test/page-522","1","Example help & guidance","1","A synthetic page 522 for this sample report.","1","Example page 522","1","true","","2",""
"523","https://example.test/products/page-523","/products/","200","text/html","indexable","","https://example.test/page-523","1","Example help & guidance","1","A synthetic page 523 for this sample report.","1","Example page 523","1","false","","3",""
"524","https://example.test/support/page-524","/support/","200","text/html","indexable","","https://example.test/page-524","1","Example help & guidance","1","A synthetic page 524 for this sample report.","1","Example page 524","1","true","","4",""
"525","https://example.test/guides/page-525","/guides/","200","text/html","indexable","","https://example.test/page-525","1","Example help & guidance","1","","0","Example page 525","1","false","","5",""
"526","https://example.test/products/page-526","/products/","200","text/html","indexable","","https://example.test/page-526","1","Example help & guidance","1","A synthetic page 526 for this sample report.","1","Example page 526","1","true","","6",""
"527","https://example.test/support/page-527","/support/","200","text/html","indexable","","https://example.test/page-527","1","Example help & guidance","1","A synthetic page 527 for this sample report.","1","Example page 527","1","false","","7",""
"528","https://example.test/guides/page-528","/guides/","200","text/html","indexable","","https://example.test/page-528","1","Example help & guidance","1","A synthetic page 528 for this sample report.","1","Example page 528","1","true","","8",""
"529","https://example.test/products/page-529","/products/","200","text/html","indexable","","https://example.test/page-529","1","Example help & guidance","1","A synthetic page 529 for this sample report.","1","Example page 529","1","false","","9",""
"530","https://example.test/support/page-530","/support/","200","text/html","non-indexable","Noindex","https://example.test/page-530","1","Example help & guidance","1","","0","Example page 530","1","true","","10",""
"531","https://example.test/guides/page-531","/guides/","200","text/html","indexable","","https://example.test/page-531","1","Example help & guidance","1","A synthetic page 531 for this sample report.","1","Example page 531","1","false","","11",""
"532","https://example.test/products/page-532","/products/","200","text/html","indexable","","https://example.test/page-532","1","Example help & guidance","1","A synthetic page 532 for this sample report.","1","Example page 532","1","true","","12",""
"533","https://example.test/support/page-533","/support/","200","text/html","indexable","","https://example.test/page-533","1","Example help & guidance","1","A synthetic page 533 for this sample report.","1","Example page 533","1","false","","13",""
"534","https://example.test/guides/page-534","/guides/","200","text/html","indexable","","https://example.test/page-534","1","Example help & guidance","1","A synthetic page 534 for this sample report.","1","Example page 534","1","true","","14",""
"535","https://example.test/products/page-535","/products/","200","text/html","indexable","","https://example.test/page-535","1","Example help & guidance","1","","0","Example page 535","1","false","","15",""
"536","https://example.test/support/page-536","/support/","200","text/html","indexable","","https://example.test/page-536","1","Example help & guidance","1","A synthetic page 536 for this sample report.","1","Example page 536","1","true","","16",""
"537","https://example.test/guides/page-537","/guides/","200","text/html","indexable","","https://example.test/page-537","1","Example help & guidance","1","A synthetic page 537 for this sample report.","1","Example page 537","1","false","","17",""
"538","https://example.test/products/page-538","/products/","200","text/html","indexable","","https://example.test/page-538","1","Example help & guidance","1","A synthetic page 538 for this sample report.","1","Example page 538","1","true","","18",""
"539","https://example.test/support/page-539","/support/","200","text/html","indexable","","https://example.test/page-539","1","Example help & guidance","1","A synthetic page 539 for this sample report.","1","Example page 539","1","false","","19",""
"540","https://example.test/guides/page-540","/guides/","200","text/html","indexable","","https://example.test/page-540","1","Example help & guidance","1","","0","Example page 540","1","true","","20",""
"541","https://example.test/products/page-541","/products/","200","text/html","indexable","","https://example.test/page-541","1","Example help & guidance","1","A synthetic page 541 for this sample report.","1","Example page 541","1","false","","21",""
"542","https://example.test/support/page-542","/support/","200","text/html","indexable","","https://example.test/page-542","1","Example help & guidance","1","A synthetic page 542 for this sample report.","1","Example page 542","1","true","","22",""
"543","https://example.test/guides/page-543","/guides/","200","text/html","indexable","","https://example.test/page-543","1","Example help & guidance","1","A synthetic page 543 for this sample report.","1","Example page 543","1","false","","23",""
"544","https://example.test/products/page-544","/products/","200","text/html","indexable","","https://example.test/page-544","1","Example help & guidance","1","A synthetic page 544 for this sample report.","1","Example page 544","1","true","","24",""
"545","https://example.test/support/page-545","/support/","200","text/html","indexable","","https://example.test/page-545","1","Example help & guidance","1","","0","Example page 545","1","false","","25",""
"546","https://example.test/guides/page-546","/guides/","200","text/html","indexable","","https://example.test/page-546","1","Example help & guidance","1","A synthetic page 546 for this sample report.","1","Example page 546","1","true","","26",""
"547","https://example.test/products/page-547","/products/","200","text/html","indexable","","https://example.test/page-547","1","Example help & guidance","1","A synthetic page 547 for this sample report.","1","Example page 547","1","false","","27",""
"548","https://example.test/support/page-548","/support/","200","text/html","indexable","","https://example.test/page-548","1","Example help & guidance","1","A synthetic page 548 for this sample report.","1","Example page 548","1","true","","28",""
"549","https://example.test/guides/page-549","/guides/","200","text/html","indexable","","https://example.test/page-549","1","Example help & guidance","1","A synthetic page 549 for this sample report.","1","Example page 549","1","false","","29",""
"550","https://example.test/products/page-550","/products/","200","text/html","indexable","","https://example.test/page-550","1","Example help & guidance","1","","0","Example page 550","1","true","","30",""
"551","https://example.test/support/page-551","/support/","200","text/html","indexable","","https://example.test/page-551","1","Example help & guidance","1","A synthetic page 551 for this sample report.","1","Example page 551","1","false","","31",""
"552","https://example.test/guides/page-552","/guides/","200","text/html","indexable","","https://example.test/page-552","1","Example help & guidance","1","A synthetic page 552 for this sample report.","1","Example page 552","1","true","","32",""
"553","https://example.test/products/page-553","/products/","200","text/html","indexable","","https://example.test/page-553","1","Example help & guidance","1","A synthetic page 553 for this sample report.","1","Example page 553","1","false","","33",""
"554","https://example.test/support/page-554","/support/","200","text/html","indexable","","https://example.test/page-554","1","Example help & guidance","1","A synthetic page 554 for this sample report.","1","Example page 554","1","true","","34",""
"555","https://example.test/guides/page-555","/guides/","200","text/html","indexable","","https://example.test/page-555","1","Example help & guidance","1","","0","Example page 555","1","false","","35",""
"556","https://example.test/products/page-556","/products/","200","text/html","indexable","","https://example.test/page-556","1","Example help & guidance","1","A synthetic page 556 for this sample report.","1","Example page 556","1","true","","36",""
"557","https://example.test/support/page-557","/support/","200","text/html","indexable","","https://example.test/page-557","1","Example help & guidance","1","A synthetic page 557 for this sample report.","1","Example page 557","1","false","","37",""
"558","https://example.test/guides/page-558","/guides/","200","text/html","indexable","","https://example.test/page-558","1","Example help & guidance","1","A synthetic page 558 for this sample report.","1","Example page 558","1","true","","38",""
"559","https://example.test/products/page-559","/products/","200","text/html","indexable","","https://example.test/page-559","1","Example help & guidance","1","A synthetic page 559 for this sample report.","1","Example page 559","1","false","","39",""
"560","https://example.test/support/page-560","/support/","200","text/html","non-indexable","Noindex","https://example.test/page-560","1","Example help & guidance","1","","0","Example page 560","1","true","","0",""
"561","https://example.test/guides/page-561","/guides/","200","text/html","indexable","","https://example.test/page-561","1","Example help & guidance","1","A synthetic page 561 for this sample report.","1","Example page 561","1","false","","1",""
"562","https://example.test/products/page-562","/products/","200","text/html","indexable","","https://example.test/page-562","1","Example help & guidance","1","A synthetic page 562 for this sample report.","1","Example page 562","1","true","","2",""
"563","https://example.test/support/page-563","/support/","200","text/html","indexable","","https://example.test/page-563","1","Example help & guidance","1","A synthetic page 563 for this sample report.","1","Example page 563","1","false","","3",""
"564","https://example.test/guides/page-564","/guides/","200","text/html","indexable","","https://example.test/page-564","1","Example help & guidance","1","A synthetic page 564 for this sample report.","1","Example page 564","1","true","","4",""
"565","https://example.test/products/page-565","/products/","200","text/html","indexable","","https://example.test/page-565","1","Example help & guidance","1","","0","Example page 565","1","false","","5",""
"566","https://example.test/support/page-566","/support/","200","text/html","indexable","","https://example.test/page-566","1","Example help & guidance","1","A synthetic page 566 for this sample report.","1","Example page 566","1","true","","6",""
"567","https://example.test/guides/page-567","/guides/","200","text/html","indexable","","https://example.test/page-567","1","Example help & guidance","1","A synthetic page 567 for this sample report.","1","Example page 567","1","false","","7",""
"568","https://example.test/products/page-568","/products/","200","text/html","indexable","","https://example.test/page-568","1","Example help & guidance","1","A synthetic page 568 for this sample report.","1","Example page 568","1","true","","8",""
"569","https://example.test/support/page-569","/support/","200","text/html","indexable","","https://example.test/page-569","1","Example help & guidance","1","A synthetic page 569 for this sample report.","1","Example page 569","1","false","","9",""
"570","https://example.test/guides/page-570","/guides/","200","text/html","indexable","","https://example.test/page-570","1","Example help & guidance","1","","0","Example page 570","1","true","","10",""
"571","https://example.test/products/page-571","/products/","200","text/html","indexable","","https://example.test/page-571","1","Example help & guidance","1","A synthetic page 571 for this sample report.","1","Example page 571","1","false","","11",""
"572","https://example.test/support/page-572","/support/","200","text/html","indexable","","https://example.test/page-572","1","Example help & guidance","1","A synthetic page 572 for this sample report.","1","Example page 572","1","true","","12",""
"573","https://example.test/guides/page-573","/guides/","200","text/html","indexable","","https://example.test/page-573","1","Example help & guidance","1","A synthetic page 573 for this sample report.","1","Example page 573","1","false","","13",""
"574","https://example.test/products/page-574","/products/","200","text/html","indexable","","https://example.test/page-574","1","Example help & guidance","1","A synthetic page 574 for this sample report.","1","Example page 574","1","true","","14",""
"575","https://example.test/support/page-575","/support/","200","text/html","indexable","","https://example.test/page-575","1","Example help & guidance","1","","0","Example page 575","1","false","","15",""
"576","https://example.test/guides/page-576","/guides/","200","text/html","indexable","","https://example.test/page-576","1","Example help & guidance","1","A synthetic page 576 for this sample report.","1","Example page 576","1","true","","16",""
"577","https://example.test/products/page-577","/products/","200","text/html","indexable","","https://example.test/page-577","1","Example help & guidance","1","A synthetic page 577 for this sample report.","1","Example page 577","1","false","","17",""
"578","https://example.test/support/page-578","/support/","200","text/html","indexable","","https://example.test/page-578","1","Example help & guidance","1","A synthetic page 578 for this sample report.","1","Example page 578","1","true","","18",""
"579","https://example.test/guides/page-579","/guides/","200","text/html","indexable","","https://example.test/page-579","1","Example help & guidance","1","A synthetic page 579 for this sample report.","1","Example page 579","1","false","","19",""
"580","https://example.test/products/page-580","/products/","200","text/html","indexable","","https://example.test/page-580","1","Example help & guidance","1","","0","Example page 580","1","true","","20",""
"581","https://example.test/support/page-581","/support/","200","text/html","indexable","","https://example.test/page-581","1","Example help & guidance","1","A synthetic page 581 for this sample report.","1","Example page 581","1","false","","21",""
"582","https://example.test/guides/page-582","/guides/","200","text/html","indexable","","https://example.test/page-582","1","Example help & guidance","1","A synthetic page 582 for this sample report.","1","Example page 582","1","true","","22",""
"583","https://example.test/products/page-583","/products/","200","text/html","indexable","","https://example.test/page-583","1","Example help & guidance","1","A synthetic page 583 for this sample report.","1","Example page 583","1","false","","23",""
"584","https://example.test/support/page-584","/support/","200","text/html","indexable","","https://example.test/page-584","1","Example help & guidance","1","A synthetic page 584 for this sample report.","1","Example page 584","1","true","","24",""
"585","https://example.test/guides/page-585","/guides/","200","text/html","indexable","","https://example.test/page-585","1","Example help & guidance","1","","0","Example page 585","1","false","","25",""
"586","https://example.test/products/page-586","/products/","200","text/html","indexable","","https://example.test/page-586","1","Example help & guidance","1","A synthetic page 586 for this sample report.","1","Example page 586","1","true","","26",""
"587","https://example.test/support/page-587","/support/","200","text/html","indexable","","https://example.test/page-587","1","Example help & guidance","1","A synthetic page 587 for this sample report.","1","Example page 587","1","false","","27",""
"588","https://example.test/guides/page-588","/guides/","200","text/html","indexable","","https://example.test/page-588","1","Example help & guidance","1","A synthetic page 588 for this sample report.","1","Example page 588","1","true","","28",""
"589","https://example.test/products/page-589","/products/","200","text/html","indexable","","https://example.test/page-589","1","Example help & guidance","1","A synthetic page 589 for this sample report.","1","Example page 589","1","false","","29",""
"590","https://example.test/support/page-590","/support/","200","text/html","non-indexable","Noindex","https://example.test/page-590","1","Example help & guidance","1","","0","Example page 590","1","true","","30",""
"591","https://example.test/guides/page-591","/guides/","200","text/html","indexable","","https://example.test/page-591","1","Example help & guidance","1","A synthetic page 591 for this sample report.","1","Example page 591","1","false","","31",""
"592","https://example.test/products/page-592","/products/","200","text/html","indexable","","https://example.test/page-592","1","Example help & guidance","1","A synthetic page 592 for this sample report.","1","Example page 592","1","true","","32",""
"593","https://example.test/support/page-593","/support/","200","text/html","indexable","","https://example.test/page-593","1","Example help & guidance","1","A synthetic page 593 for this sample report.","1","Example page 593","1","false","","33",""
"594","https://example.test/guides/page-594","/guides/","200","text/html","indexable","","https://example.test/page-594","1","Example help & guidance","1","A synthetic page 594 for this sample report.","1","Example page 594","1","true","","34",""
"595","https://example.test/products/page-595","/products/","200","text/html","indexable","","https://example.test/page-595","1","Example help & guidance","1","","0","Example page 595","1","false","","35",""
"596","https://example.test/support/page-596","/support/","200","text/html","indexable","","https://example.test/page-596","1","Example help & guidance","1","A synthetic page 596 for this sample report.","1","Example page 596","1","true","","36",""
"597","https://example.test/guides/page-597","/guides/","200","text/html","indexable","","https://example.test/page-597","1","Example help & guidance","1","A synthetic page 597 for this sample report.","1","Example page 597","1","false","","37",""
"598","https://example.test/products/page-598","/products/","200","text/html","indexable","","https://example.test/page-598","1","Example help & guidance","1","A synthetic page 598 for this sample report.","1","Example page 598","1","true","","38",""
"599","https://example.test/support/page-599","/support/","200","text/html","indexable","","https://example.test/page-599","1","Example help & guidance","1","A synthetic page 599 for this sample report.","1","Example page 599","1","false","","39",""
"600","https://example.test/guides/page-600","/guides/","200","text/html","indexable","","https://example.test/page-600","1","Example help & guidance","1","","0","Example page 600","1","true","","0",""
"601","https://example.test/products/page-601","/products/","200","text/html","indexable","","https://example.test/page-601","1","Example help & guidance","1","A synthetic page 601 for this sample report.","1","Example page 601","1","false","","1",""
"602","https://example.test/support/page-602","/support/","200","text/html","indexable","","https://example.test/page-602","1","Example help & guidance","1","A synthetic page 602 for this sample report.","1","Example page 602","1","true","","2",""
"603","https://example.test/guides/page-603","/guides/","200","text/html","indexable","","https://example.test/page-603","1","Example help & guidance","1","A synthetic page 603 for this sample report.","1","Example page 603","1","false","","3",""
"604","https://example.test/products/page-604","/products/","200","text/html","indexable","","https://example.test/page-604","1","Example help & guidance","1","A synthetic page 604 for this sample report.","1","Example page 604","1","true","","4",""
"605","https://example.test/support/page-605","/support/","200","text/html","indexable","","https://example.test/page-605","1","Example help & guidance","1","","0","Example page 605","1","false","","5",""
"606","https://example.test/guides/page-606","/guides/","200","text/html","indexable","","https://example.test/page-606","1","Example help & guidance","1","A synthetic page 606 for this sample report.","1","Example page 606","1","true","","6",""
"607","https://example.test/products/page-607","/products/","200","text/html","indexable","","https://example.test/page-607","1","Example help & guidance","1","A synthetic page 607 for this sample report.","1","Example page 607","1","false","","7",""
"608","https://example.test/support/page-608","/support/","200","text/html","indexable","","https://example.test/page-608","1","Example help & guidance","1","A synthetic page 608 for this sample report.","1","Example page 608","1","true","","8",""
"609","https://example.test/guides/page-609","/guides/","200","text/html","indexable","","https://example.test/page-609","1","Example help & guidance","1","A synthetic page 609 for this sample report.","1","Example page 609","1","false","","9",""
"610","https://example.test/products/page-610","/products/","200","text/html","indexable","","https://example.test/page-610","1","Example help & guidance","1","","0","Example page 610","1","true","","10",""
"611","https://example.test/support/page-611","/support/","200","text/html","indexable","","https://example.test/page-611","1","Example help & guidance","1","A synthetic page 611 for this sample report.","1","Example page 611","1","false","","11",""
"612","https://example.test/guides/page-612","/guides/","200","text/html","indexable","","https://example.test/page-612","1","Example help & guidance","1","A synthetic page 612 for this sample report.","1","Example page 612","1","true","","12",""
"613","https://example.test/products/page-613","/products/","200","text/html","indexable","","https://example.test/page-613","1","Example help & guidance","1","A synthetic page 613 for this sample report.","1","Example page 613","1","false","","13",""
"614","https://example.test/support/page-614","/support/","200","text/html","indexable","","https://example.test/page-614","1","Example help & guidance","1","A synthetic page 614 for this sample report.","1","Example page 614","1","true","","14",""
"615","https://example.test/guides/page-615","/guides/","200","text/html","indexable","","https://example.test/page-615","1","Example help & guidance","1","","0","Example page 615","1","false","","15",""
"616","https://example.test/products/page-616","/products/","200","text/html","indexable","","https://example.test/page-616","1","Example help & guidance","1","A synthetic page 616 for this sample report.","1","Example page 616","1","true","","16",""
"617","https://example.test/support/page-617","/support/","200","text/html","indexable","","https://example.test/page-617","1","Example help & guidance","1","A synthetic page 617 for this sample report.","1","Example page 617","1","false","","17",""
"618","https://example.test/guides/page-618","/guides/","200","text/html","indexable","","https://example.test/page-618","1","Example help & guidance","1","A synthetic page 618 for this sample report.","1","Example page 618","1","true","","18",""
"619","https://example.test/products/page-619","/products/","200","text/html","indexable","","https://example.test/page-619","1","Example help & guidance","1","A synthetic page 619 for this sample report.","1","Example page 619","1","false","","19",""
"620","https://example.test/support/page-620","/support/","200","text/html","non-indexable","Noindex","https://example.test/page-620","1","Example help & guidance","1","","0","Example page 620","1","true","","20",""
"621","https://example.test/guides/page-621","/guides/","200","text/html","indexable","","https://example.test/page-621","1","Example help & guidance","1","A synthetic page 621 for this sample report.","1","Example page 621","1","false","","21",""
"622","https://example.test/products/page-622","/products/","200","text/html","indexable","","https://example.test/page-622","1","Example help & guidance","1","A synthetic page 622 for this sample report.","1","Example page 622","1","true","","22",""
"623","https://example.test/support/page-623","/support/","200","text/html","indexable","","https://example.test/page-623","1","Example help & guidance","1","A synthetic page 623 for this sample report.","1","Example page 623","1","false","","23",""
"624","https://example.test/guides/page-624","/guides/","200","text/html","indexable","","https://example.test/page-624","1","Example help & guidance","1","A synthetic page 624 for this sample report.","1","Example page 624","1","true","","24",""
"625","https://example.test/products/page-625","/products/","200","text/html","indexable","","https://example.test/page-625","1","Example help & guidance","1","","0","Example page 625","1","false","","25",""
"626","https://example.test/support/page-626","/support/","200","text/html","indexable","","https://example.test/page-626","1","Example help & guidance","1","A synthetic page 626 for this sample report.","1","Example page 626","1","true","","26",""
"627","https://example.test/guides/page-627","/guides/","200","text/html","indexable","","https://example.test/page-627","1","Example help & guidance","1","A synthetic page 627 for this sample report.","1","Example page 627","1","false","","27",""
"628","https://example.test/products/page-628","/products/","200","text/html","indexable","","https://example.test/page-628","1","Example help & guidance","1","A synthetic page 628 for this sample report.","1","Example page 628","1","true","","28",""
"629","https://example.test/support/page-629","/support/","200","text/html","indexable","","https://example.test/page-629","1","Example help & guidance","1","A synthetic page 629 for this sample report.","1","Example page 629","1","false","","29",""
"630","https://example.test/guides/page-630","/guides/","200","text/html","indexable","","https://example.test/page-630","1","Example help & guidance","1","","0","Example page 630","1","true","","30",""
"631","https://example.test/products/page-631","/products/","200","text/html","indexable","","https://example.test/page-631","1","Example help & guidance","1","A synthetic page 631 for this sample report.","1","Example page 631","1","false","","31",""
"632","https://example.test/support/page-632","/support/","200","text/html","indexable","","https://example.test/page-632","1","Example help & guidance","1","A synthetic page 632 for this sample report.","1","Example page 632","1","true","","32",""
"633","https://example.test/guides/page-633","/guides/","200","text/html","indexable","","https://example.test/page-633","1","Example help & guidance","1","A synthetic page 633 for this sample report.","1","Example page 633","1","false","","33",""
"634","https://example.test/products/page-634","/products/","200","text/html","indexable","","https://example.test/page-634","1","Example help & guidance","1","A synthetic page 634 for this sample report.","1","Example page 634","1","true","","34",""
"635","https://example.test/support/page-635","/support/","200","text/html","indexable","","https://example.test/page-635","1","Example help & guidance","1","","0","Example page 635","1","false","","35",""
"636","https://example.test/guides/page-636","/guides/","200","text/html","indexable","","https://example.test/page-636","1","Example help & guidance","1","A synthetic page 636 for this sample report.","1","Example page 636","1","true","","36",""
"637","https://example.test/products/page-637","/products/","200","text/html","indexable","","https://example.test/page-637","1","Example help & guidance","1","A synthetic page 637 for this sample report.","1","Example page 637","1","false","","37",""
"638","https://example.test/support/page-638","/support/","200","text/html","indexable","","https://example.test/page-638","1","Example help & guidance","1","A synthetic page 638 for this sample report.","1","Example page 638","1","true","","38",""
"639","https://example.test/guides/page-639","/guides/","200","text/html","indexable","","https://example.test/page-639","1","Example help & guidance","1","A synthetic page 639 for this sample report.","1","Example page 639","1","false","","39",""
"640","https://example.test/products/page-640","/products/","200","text/html","indexable","","https://example.test/page-640","1","Example help & guidance","1","","0","Example page 640","1","true","","0",""
"641","https://example.test/support/page-641","/support/","200","text/html","indexable","","https://example.test/page-641","1","Example help & guidance","1","A synthetic page 641 for this sample report.","1","Example page 641","1","false","","1",""
"642","https://example.test/guides/page-642","/guides/","200","text/html","indexable","","https://example.test/page-642","1","Example help & guidance","1","A synthetic page 642 for this sample report.","1","Example page 642","1","true","","2",""
"643","https://example.test/products/page-643","/products/","200","text/html","indexable","","https://example.test/page-643","1","Example help & guidance","1","A synthetic page 643 for this sample report.","1","Example page 643","1","false","","3",""
"644","https://example.test/support/page-644","/support/","200","text/html","indexable","","https://example.test/page-644","1","Example help & guidance","1","A synthetic page 644 for this sample report.","1","Example page 644","1","true","","4",""
"645","https://example.test/guides/page-645","/guides/","200","text/html","indexable","","https://example.test/page-645","1","Example help & guidance","1","","0","Example page 645","1","false","","5",""
"646","https://example.test/products/page-646","/products/","200","text/html","indexable","","https://example.test/page-646","1","Example help & guidance","1","A synthetic page 646 for this sample report.","1","Example page 646","1","true","","6",""
"647","https://example.test/support/page-647","/support/","200","text/html","indexable","","https://example.test/page-647","1","Example help & guidance","1","A synthetic page 647 for this sample report.","1","Example page 647","1","false","","7",""
"648","https://example.test/guides/page-648","/guides/","200","text/html","indexable","","https://example.test/page-648","1","Example help & guidance","1","A synthetic page 648 for this sample report.","1","Example page 648","1","true","","8",""
"649","https://example.test/products/page-649","/products/","200","text/html","indexable","","https://example.test/page-649","1","Example help & guidance","1","A synthetic page 649 for this sample report.","1","Example page 649","1","false","","9",""
"650","https://example.test/support/page-650","/support/","200","text/html","non-indexable","Noindex","https://example.test/page-650","1","Example help & guidance","1","","0","Example page 650","1","true","","10",""
"651","https://example.test/guides/page-651","/guides/","200","text/html","indexable","","https://example.test/page-651","1","Example help & guidance","1","A synthetic page 651 for this sample report.","1","Example page 651","1","false","","11",""
"652","https://example.test/products/page-652","/products/","200","text/html","indexable","","https://example.test/page-652","1","Example help & guidance","1","A synthetic page 652 for this sample report.","1","Example page 652","1","true","","12",""
"653","https://example.test/support/page-653","/support/","200","text/html","indexable","","https://example.test/page-653","1","Example help & guidance","1","A synthetic page 653 for this sample report.","1","Example page 653","1","false","","13",""
"654","https://example.test/guides/page-654","/guides/","200","text/html","indexable","","https://example.test/page-654","1","Example help & guidance","1","A synthetic page 654 for this sample report.","1","Example page 654","1","true","","14",""
"655","https://example.test/products/page-655","/products/","200","text/html","indexable","","https://example.test/page-655","1","Example help & guidance","1","","0","Example page 655","1","false","","15",""
"656","https://example.test/support/page-656","/support/","200","text/html","indexable","","https://example.test/page-656","1","Example help & guidance","1","A synthetic page 656 for this sample report.","1","Example page 656","1","true","","16",""
"657","https://example.test/guides/page-657","/guides/","200","text/html","indexable","","https://example.test/page-657","1","Example help & guidance","1","A synthetic page 657 for this sample report.","1","Example page 657","1","false","","17",""
"658","https://example.test/products/page-658","/products/","200","text/html","indexable","","https://example.test/page-658","1","Example help & guidance","1","A synthetic page 658 for this sample report.","1","Example page 658","1","true","","18",""
"659","https://example.test/support/page-659","/support/","200","text/html","indexable","","https://example.test/page-659","1","Example help & guidance","1","A synthetic page 659 for this sample report.","1","Example page 659","1","false","","19",""
"660","https://example.test/guides/page-660","/guides/","200","text/html","indexable","","https://example.test/page-660","1","Example help & guidance","1","","0","Example page 660","1","true","","20",""
"661","https://example.test/products/page-661","/products/","200","text/html","indexable","","https://example.test/page-661","1","Example help & guidance","1","A synthetic page 661 for this sample report.","1","Example page 661","1","false","","21",""
"662","https://example.test/support/page-662","/support/","200","text/html","indexable","","https://example.test/page-662","1","Example help & guidance","1","A synthetic page 662 for this sample report.","1","Example page 662","1","true","","22",""
"663","https://example.test/guides/page-663","/guides/","200","text/html","indexable","","https://example.test/page-663","1","Example help & guidance","1","A synthetic page 663 for this sample report.","1","Example page 663","1","false","","23",""
"664","https://example.test/products/page-664","/products/","200","text/html","indexable","","https://example.test/page-664","1","Example help & guidance","1","A synthetic page 664 for this sample report.","1","Example page 664","1","true","","24",""
"665","https://example.test/support/page-665","/support/","200","text/html","indexable","","https://example.test/page-665","1","Example help & guidance","1","","0","Example page 665","1","false","","25",""
"666","https://example.test/guides/page-666","/guides/","200","text/html","indexable","","https://example.test/page-666","1","Example help & guidance","1","A synthetic page 666 for this sample report.","1","Example page 666","1","true","","26",""
"667","https://example.test/products/page-667","/products/","200","text/html","indexable","","https://example.test/page-667","1","Example help & guidance","1","A synthetic page 667 for this sample report.","1","Example page 667","1","false","","27",""
"668","https://example.test/support/page-668","/support/","200","text/html","indexable","","https://example.test/page-668","1","Example help & guidance","1","A synthetic page 668 for this sample report.","1","Example page 668","1","true","","28",""
"669","https://example.test/guides/page-669","/guides/","200","text/html","indexable","","https://example.test/page-669","1","Example help & guidance","1","A synthetic page 669 for this sample report.","1","Example page 669","1","false","","29",""
"670","https://example.test/products/page-670","/products/","200","text/html","indexable","","https://example.test/page-670","1","Example help & guidance","1","","0","Example page 670","1","true","","30",""
"671","https://example.test/support/page-671","/support/","200","text/html","indexable","","https://example.test/page-671","1","Example help & guidance","1","A synthetic page 671 for this sample report.","1","Example page 671","1","false","","31",""
"672","https://example.test/guides/page-672","/guides/","200","text/html","indexable","","https://example.test/page-672","1","Example help & guidance","1","A synthetic page 672 for this sample report.","1","Example page 672","1","true","","32",""
"673","https://example.test/products/page-673","/products/","200","text/html","indexable","","https://example.test/page-673","1","Example help & guidance","1","A synthetic page 673 for this sample report.","1","Example page 673","1","false","","33",""
"674","https://example.test/support/page-674","/support/","200","text/html","indexable","","https://example.test/page-674","1","Example help & guidance","1","A synthetic page 674 for this sample report.","1","Example page 674","1","true","","34",""
"675","https://example.test/guides/page-675","/guides/","200","text/html","indexable","","https://example.test/page-675","1","Example help & guidance","1","","0","Example page 675","1","false","","35",""
"676","https://example.test/products/page-676","/products/","200","text/html","indexable","","https://example.test/page-676","1","Example help & guidance","1","A synthetic page 676 for this sample report.","1","Example page 676","1","true","","36",""
"677","https://example.test/support/page-677","/support/","200","text/html","indexable","","https://example.test/page-677","1","Example help & guidance","1","A synthetic page 677 for this sample report.","1","Example page 677","1","false","","37",""
"678","https://example.test/guides/page-678","/guides/","200","text/html","indexable","","https://example.test/page-678","1","Example help & guidance","1","A synthetic page 678 for this sample report.","1","Example page 678","1","true","","38",""
"679","https://example.test/products/page-679","/products/","200","text/html","indexable","","https://example.test/page-679","1","Example help & guidance","1","A synthetic page 679 for this sample report.","1","Example page 679","1","false","","39",""
"680","https://example.test/support/page-680","/support/","200","text/html","non-indexable","Noindex","https://example.test/page-680","1","Example help & guidance","1","","0","Example page 680","1","true","","0",""
"681","https://example.test/guides/page-681","/guides/","200","text/html","indexable","","https://example.test/page-681","1","Example help & guidance","1","A synthetic page 681 for this sample report.","1","Example page 681","1","false","","1",""
"682","https://example.test/products/page-682","/products/","200","text/html","indexable","","https://example.test/page-682","1","Example help & guidance","1","A synthetic page 682 for this sample report.","1","Example page 682","1","true","","2",""
"683","https://example.test/support/page-683","/support/","200","text/html","indexable","","https://example.test/page-683","1","Example help & guidance","1","A synthetic page 683 for this sample report.","1","Example page 683","1","false","","3",""
"684","https://example.test/guides/page-684","/guides/","200","text/html","indexable","","https://example.test/page-684","1","Example help & guidance","1","A synthetic page 684 for this sample report.","1","Example page 684","1","true","","4",""
"685","https://example.test/products/page-685","/products/","200","text/html","indexable","","https://example.test/page-685","1","Example help & guidance","1","","0","Example page 685","1","false","","5",""
"686","https://example.test/support/page-686","/support/","200","text/html","indexable","","https://example.test/page-686","1","Example help & guidance","1","A synthetic page 686 for this sample report.","1","Example page 686","1","true","","6",""
"687","https://example.test/guides/page-687","/guides/","200","text/html","indexable","","https://example.test/page-687","1","Example help & guidance","1","A synthetic page 687 for this sample report.","1","Example page 687","1","false","","7",""
"688","https://example.test/products/page-688","/products/","200","text/html","indexable","","https://example.test/page-688","1","Example help & guidance","1","A synthetic page 688 for this sample report.","1","Example page 688","1","true","","8",""
"689","https://example.test/support/page-689","/support/","200","text/html","indexable","","https://example.test/page-689","1","Example help & guidance","1","A synthetic page 689 for this sample report.","1","Example page 689","1","false","","9",""
"690","https://example.test/guides/page-690","/guides/","200","text/html","indexable","","https://example.test/page-690","1","Example help & guidance","1","","0","Example page 690","1","true","","10",""
"691","https://example.test/products/page-691","/products/","200","text/html","indexable","","https://example.test/page-691","1","Example help & guidance","1","A synthetic page 691 for this sample report.","1","Example page 691","1","false","","11",""
"692","https://example.test/support/page-692","/support/","200","text/html","indexable","","https://example.test/page-692","1","Example help & guidance","1","A synthetic page 692 for this sample report.","1","Example page 692","1","true","","12",""
"693","https://example.test/guides/page-693","/guides/","200","text/html","indexable","","https://example.test/page-693","1","Example help & guidance","1","A synthetic page 693 for this sample report.","1","Example page 693","1","false","","13",""
"694","https://example.test/products/page-694","/products/","200","text/html","indexable","","https://example.test/page-694","1","Example help & guidance","1","A synthetic page 694 for this sample report.","1","Example page 694","1","true","","14",""
"695","https://example.test/support/page-695","/support/","200","text/html","indexable","","https://example.test/page-695","1","Example help & guidance","1","","0","Example page 695","1","false","","15",""
"696","https://example.test/guides/page-696","/guides/","200","text/html","indexable","","https://example.test/page-696","1","Example help & guidance","1","A synthetic page 696 for this sample report.","1","Example page 696","1","true","","16",""
"697","https://example.test/products/page-697","/products/","200","text/html","indexable","","https://example.test/page-697","1","Example help & guidance","1","A synthetic page 697 for this sample report.","1","Example page 697","1","false","","17",""
"698","https://example.test/support/page-698","/support/","200","text/html","indexable","","https://example.test/page-698","1","Example help & guidance","1","A synthetic page 698 for this sample report.","1","Example page 698","1","true","","18",""
"699","https://example.test/guides/page-699","/guides/","200","text/html","indexable","","https://example.test/page-699","1","Example help & guidance","1","A synthetic page 699 for this sample report.","1","Example page 699","1","false","","19",""
"700","https://example.test/products/page-700","/products/","200","text/html","indexable","","https://example.test/page-700","1","Example help & guidance","1","","0","Example page 700","1","true","","20",""
"701","https://example.test/support/page-701","/support/","200","text/html","indexable","","https://example.test/page-701","1","Example help & guidance","1","A synthetic page 701 for this sample report.","1","Example page 701","1","false","","21",""
"702","https://example.test/guides/page-702","/guides/","200","text/html","indexable","","https://example.test/page-702","1","Example help & guidance","1","A synthetic page 702 for this sample report.","1","Example page 702","1","true","","22",""
"703","https://example.test/products/page-703","/products/","200","text/html","indexable","","https://example.test/page-703","1","Example help & guidance","1","A synthetic page 703 for this sample report.","1","Example page 703","1","false","","23",""
"704","https://example.test/support/page-704","/support/","200","text/html","indexable","","https://example.test/page-704","1","Example help & guidance","1","A synthetic page 704 for this sample report.","1","Example page 704","1","true","","24",""
"705","https://example.test/guides/page-705","/guides/","200","text/html","indexable","","https://example.test/page-705","1","Example help & guidance","1","","0","Example page 705","1","false","","25",""
"706","https://example.test/products/page-706","/products/","200","text/html","indexable","","https://example.test/page-706","1","Example help & guidance","1","A synthetic page 706 for this sample report.","1","Example page 706","1","true","","26",""
"707","https://example.test/support/page-707","/support/","200","text/html","indexable","","https://example.test/page-707","1","Example help & guidance","1","A synthetic page 707 for this sample report.","1","Example page 707","1","false","","27",""
"708","https://example.test/guides/page-708","/guides/","200","text/html","indexable","","https://example.test/page-708","1","Example help & guidance","1","A synthetic page 708 for this sample report.","1","Example page 708","1","true","","28",""
"709","https://example.test/products/page-709","/products/","200","text/html","indexable","","https://example.test/page-709","1","Example help & guidance","1","A synthetic page 709 for this sample report.","1","Example page 709","1","false","","29",""
"710","https://example.test/support/page-710","/support/","200","text/html","non-indexable","Noindex","https://example.test/page-710","1","Example help & guidance","1","","0","Example page 710","1","true","","30",""
"711","https://example.test/guides/page-711","/guides/","200","text/html","indexable","","https://example.test/page-711","1","Example help & guidance","1","A synthetic page 711 for this sample report.","1","Example page 711","1","false","","31",""
"712","https://example.test/products/page-712","/products/","200","text/html","indexable","","https://example.test/page-712","1","Example help & guidance","1","A synthetic page 712 for this sample report.","1","Example page 712","1","true","","32",""
"713","https://example.test/support/page-713","/support/","200","text/html","indexable","","https://example.test/page-713","1","Example help & guidance","1","A synthetic page 713 for this sample report.","1","Example page 713","1","false","","33",""
"714","https://example.test/guides/page-714","/guides/","200","text/html","indexable","","https://example.test/page-714","1","Example help & guidance","1","A synthetic page 714 for this sample report.","1","Example page 714","1","true","","34",""
"715","https://example.test/products/page-715","/products/","200","text/html","indexable","","https://example.test/page-715","1","Example help & guidance","1","","0","Example page 715","1","false","","35",""
"716","https://example.test/support/page-716","/support/","200","text/html","indexable","","https://example.test/page-716","1","Example help & guidance","1","A synthetic page 716 for this sample report.","1","Example page 716","1","true","","36",""
"717","https://example.test/guides/page-717","/guides/","200","text/html","indexable","","https://example.test/page-717","1","Example help & guidance","1","A synthetic page 717 for this sample report.","1","Example page 717","1","false","","37",""
"718","https://example.test/products/page-718","/products/","200","text/html","indexable","","https://example.test/page-718","1","Example help & guidance","1","A synthetic page 718 for this sample report.","1","Example page 718","1","true","","38",""
"719","https://example.test/support/page-719","/support/","200","text/html","indexable","","https://example.test/page-719","1","Example help & guidance","1","A synthetic page 719 for this sample report.","1","Example page 719","1","false","","39",""
"720","https://example.test/guides/page-720","/guides/","200","text/html","indexable","","https://example.test/page-720","1","Example help & guidance","1","","0","Example page 720","1","true","","0",""
"721","https://example.test/products/page-721","/products/","200","text/html","indexable","","https://example.test/page-721","1","Example help & guidance","1","A synthetic page 721 for this sample report.","1","Example page 721","1","false","","1",""
"722","https://example.test/support/page-722","/support/","200","text/html","indexable","","https://example.test/page-722","1","Example help & guidance","1","A synthetic page 722 for this sample report.","1","Example page 722","1","true","","2",""
"723","https://example.test/guides/page-723","/guides/","200","text/html","indexable","","https://example.test/page-723","1","Example help & guidance","1","A synthetic page 723 for this sample report.","1","Example page 723","1","false","","3",""
"724","https://example.test/products/page-724","/products/","200","text/html","indexable","","https://example.test/page-724","1","Example help & guidance","1","A synthetic page 724 for this sample report.","1","Example page 724","1","true","","4",""
"725","https://example.test/support/page-725","/support/","200","text/html","indexable","","https://example.test/page-725","1","Example help & guidance","1","","0","Example page 725","1","false","","5",""
"726","https://example.test/guides/page-726","/guides/","200","text/html","indexable","","https://example.test/page-726","1","Example help & guidance","1","A synthetic page 726 for this sample report.","1","Example page 726","1","true","","6",""
"727","https://example.test/products/page-727","/products/","200","text/html","indexable","","https://example.test/page-727","1","Example help & guidance","1","A synthetic page 727 for this sample report.","1","Example page 727","1","false","","7",""
"728","https://example.test/support/page-728","/support/","200","text/html","indexable","","https://example.test/page-728","1","Example help & guidance","1","A synthetic page 728 for this sample report.","1","Example page 728","1","true","","8",""
"729","https://example.test/guides/page-729","/guides/","200","text/html","indexable","","https://example.test/page-729","1","Example help & guidance","1","A synthetic page 729 for this sample report.","1","Example page 729","1","false","","9",""
"730","https://example.test/products/page-730","/products/","200","text/html","indexable","","https://example.test/page-730","1","Example help & guidance","1","","0","Example page 730","1","true","","10",""
"731","https://example.test/support/page-731","/support/","200","text/html","indexable","","https://example.test/page-731","1","Example help & guidance","1","A synthetic page 731 for this sample report.","1","Example page 731","1","false","","11",""
"732","https://example.test/guides/page-732","/guides/","200","text/html","indexable","","https://example.test/page-732","1","Example help & guidance","1","A synthetic page 732 for this sample report.","1","Example page 732","1","true","","12",""
"733","https://example.test/products/page-733","/products/","200","text/html","indexable","","https://example.test/page-733","1","Example help & guidance","1","A synthetic page 733 for this sample report.","1","Example page 733","1","false","","13",""
"734","https://example.test/support/page-734","/support/","200","text/html","indexable","","https://example.test/page-734","1","Example help & guidance","1","A synthetic page 734 for this sample report.","1","Example page 734","1","true","","14",""
"735","https://example.test/guides/page-735","/guides/","200","text/html","indexable","","https://example.test/page-735","1","Example help & guidance","1","","0","Example page 735","1","false","","15",""
"736","https://example.test/products/page-736","/products/","200","text/html","indexable","","https://example.test/page-736","1","Example help & guidance","1","A synthetic page 736 for this sample report.","1","Example page 736","1","true","","16",""
"737","https://example.test/support/page-737","/support/","200","text/html","indexable","","https://example.test/page-737","1","Example help & guidance","1","A synthetic page 737 for this sample report.","1","Example page 737","1","false","","17",""
"738","https://example.test/guides/page-738","/guides/","200","text/html","indexable","","https://example.test/page-738","1","Example help & guidance","1","A synthetic page 738 for this sample report.","1","Example page 738","1","true","","18",""
"739","https://example.test/products/page-739","/products/","200","text/html","indexable","","https://example.test/page-739","1","Example help & guidance","1","A synthetic page 739 for this sample report.","1","Example page 739","1","false","","19",""
"740","https://example.test/support/page-740","/support/","200","text/html","non-indexable","Noindex","https://example.test/page-740","1","Example help & guidance","1","","0","Example page 740","1","true","","20",""
"741","https://example.test/guides/page-741","/guides/","200","text/html","indexable","","https://example.test/page-741","1","Example help & guidance","1","A synthetic page 741 for this sample report.","1","Example page 741","1","false","","21",""
"742","https://example.test/products/page-742","/products/","200","text/html","indexable","","https://example.test/page-742","1","Example help & guidance","1","A synthetic page 742 for this sample report.","1","Example page 742","1","true","","22",""
"743","https://example.test/support/page-743","/support/","200","text/html","indexable","","https://example.test/page-743","1","Example help & guidance","1","A synthetic page 743 for this sample report.","1","Example page 743","1","false","","23",""
"744","https://example.test/guides/page-744","/guides/","200","text/html","indexable","","https://example.test/page-744","1","Example help & guidance","1","A synthetic page 744 for this sample report.","1","Example page 744","1","true","","24",""
"745","https://example.test/products/page-745","/products/","200","text/html","indexable","","https://example.test/page-745","1","Example help & guidance","1","","0","Example page 745","1","false","","25",""
"746","https://example.test/support/page-746","/support/","200","text/html","indexable","","https://example.test/page-746","1","Example help & guidance","1","A synthetic page 746 for this sample report.","1","Example page 746","1","true","","26",""
"747","https://example.test/guides/page-747","/guides/","200","text/html","indexable","","https://example.test/page-747","1","Example help & guidance","1","A synthetic page 747 for this sample report.","1","Example page 747","1","false","","27",""
"748","https://example.test/products/page-748","/products/","200","text/html","indexable","","https://example.test/page-748","1","Example help & guidance","1","A synthetic page 748 for this sample report.","1","Example page 748","1","true","","28",""
"749","https://example.test/support/page-749","/support/","200","text/html","indexable","","https://example.test/page-749","1","Example help & guidance","1","A synthetic page 749 for this sample report.","1","Example page 749","1","false","","29",""
"750","https://example.test/guides/page-750","/guides/","200","text/html","indexable","","https://example.test/page-750","1","Example help & guidance","1","","0","Example page 750","1","true","","30",""
"751","https://example.test/products/page-751","/products/","200","text/html","indexable","","https://example.test/page-751","1","Example help & guidance","1","A synthetic page 751 for this sample report.","1","Example page 751","1","false","","31",""
"752","https://example.test/support/page-752","/support/","200","text/html","indexable","","https://example.test/page-752","1","Example help & guidance","1","A synthetic page 752 for this sample report.","1","Example page 752","1","true","","32",""
"753","https://example.test/guides/page-753","/guides/","200","text/html","indexable","","https://example.test/page-753","1","Example help & guidance","1","A synthetic page 753 for this sample report.","1","Example page 753","1","false","","33",""
"754","https://example.test/products/page-754","/products/","200","text/html","indexable","","https://example.test/page-754","1","Example help & guidance","1","A synthetic page 754 for this sample report.","1","Example page 754","1","true","","34",""
"755","https://example.test/support/page-755","/support/","200","text/html","indexable","","https://example.test/page-755","1","Example help & guidance","1","","0","Example page 755","1","false","","35",""
"756","https://example.test/guides/page-756","/guides/","200","text/html","indexable","","https://example.test/page-756","1","Example help & guidance","1","A synthetic page 756 for this sample report.","1","Example page 756","1","true","","36",""
"757","https://example.test/products/page-757","/products/","200","text/html","indexable","","https://example.test/page-757","1","Example help & guidance","1","A synthetic page 757 for this sample report.","1","Example page 757","1","false","","37",""
"758","https://example.test/support/page-758","/support/","200","text/html","indexable","","https://example.test/page-758","1","Example help & guidance","1","A synthetic page 758 for this sample report.","1","Example page 758","1","true","","38",""
"759","https://example.test/guides/page-759","/guides/","200","text/html","indexable","","https://example.test/page-759","1","Example help & guidance","1","A synthetic page 759 for this sample report.","1","Example page 759","1","false","","39",""
"760","https://example.test/products/page-760","/products/","200","text/html","indexable","","https://example.test/page-760","1","Example help & guidance","1","","0","Example page 760","1","true","","0",""
"761","https://example.test/support/page-761","/support/","200","text/html","indexable","","https://example.test/page-761","1","Example help & guidance","1","A synthetic page 761 for this sample report.","1","Example page 761","1","false","","1",""
"762","https://example.test/guides/page-762","/guides/","200","text/html","indexable","","https://example.test/page-762","1","Example help & guidance","1","A synthetic page 762 for this sample report.","1","Example page 762","1","true","","2",""
"763","https://example.test/products/page-763","/products/","200","text/html","indexable","","https://example.test/page-763","1","Example help & guidance","1","A synthetic page 763 for this sample report.","1","Example page 763","1","false","","3",""
"764","https://example.test/support/page-764","/support/","200","text/html","indexable","","https://example.test/page-764","1","Example help & guidance","1","A synthetic page 764 for this sample report.","1","Example page 764","1","true","","4",""
"765","https://example.test/guides/page-765","/guides/","200","text/html","indexable","","https://example.test/page-765","1","Example help & guidance","1","","0","Example page 765","1","false","","5",""
"766","https://example.test/products/page-766","/products/","200","text/html","indexable","","https://example.test/page-766","1","Example help & guidance","1","A synthetic page 766 for this sample report.","1","Example page 766","1","true","","6",""
"767","https://example.test/support/page-767","/support/","200","text/html","indexable","","https://example.test/page-767","1","Example help & guidance","1","A synthetic page 767 for this sample report.","1","Example page 767","1","false","","7",""
"768","https://example.test/guides/page-768","/guides/","200","text/html","indexable","","https://example.test/page-768","1","Example help & guidance","1","A synthetic page 768 for this sample report.","1","Example page 768","1","true","","8",""
"769","https://example.test/products/page-769","/products/","200","text/html","indexable","","https://example.test/page-769","1","Example help & guidance","1","A synthetic page 769 for this sample report.","1","Example page 769","1","false","","9",""
"770","https://example.test/support/page-770","/support/","200","text/html","non-indexable","Noindex","https://example.test/page-770","1","Example help & guidance","1","","0","Example page 770","1","true","","10",""
"771","https://example.test/guides/page-771","/guides/","200","text/html","indexable","","https://example.test/page-771","1","Example help & guidance","1","A synthetic page 771 for this sample report.","1","Example page 771","1","false","","11",""
"772","https://example.test/products/page-772","/products/","200","text/html","indexable","","https://example.test/page-772","1","Example help & guidance","1","A synthetic page 772 for this sample report.","1","Example page 772","1","true","","12",""
"773","https://example.test/support/page-773","/support/","200","text/html","indexable","","https://example.test/page-773","1","Example help & guidance","1","A synthetic page 773 for this sample report.","1","Example page 773","1","false","","13",""
"774","https://example.test/guides/page-774","/guides/","200","text/html","indexable","","https://example.test/page-774","1","Example help & guidance","1","A synthetic page 774 for this sample report.","1","Example page 774","1","true","","14",""
"775","https://example.test/products/page-775","/products/","200","text/html","indexable","","https://example.test/page-775","1","Example help & guidance","1","","0","Example page 775","1","false","","15",""
"776","https://example.test/support/page-776","/support/","200","text/html","indexable","","https://example.test/page-776","1","Example help & guidance","1","A synthetic page 776 for this sample report.","1","Example page 776","1","true","","16",""
"777","https://example.test/guides/page-777","/guides/","200","text/html","indexable","","https://example.test/page-777","1","Example help & guidance","1","A synthetic page 777 for this sample report.","1","Example page 777","1","false","","17",""
"778","https://example.test/products/page-778","/products/","200","text/html","indexable","","https://example.test/page-778","1","Example help & guidance","1","A synthetic page 778 for this sample report.","1","Example page 778","1","true","","18",""
"779","https://example.test/support/page-779","/support/","200","text/html","indexable","","https://example.test/page-779","1","Example help & guidance","1","A synthetic page 779 for this sample report.","1","Example page 779","1","false","","19",""
"780","https://example.test/guides/page-780","/guides/","200","text/html","indexable","","https://example.test/page-780","1","Example help & guidance","1","","0","Example page 780","1","true","","20",""
"781","https://example.test/products/page-781","/products/","200","text/html","indexable","","https://example.test/page-781","1","Example help & guidance","1","A synthetic page 781 for this sample report.","1","Example page 781","1","false","","21",""
"782","https://example.test/support/page-782","/support/","200","text/html","indexable","","https://example.test/page-782","1","Example help & guidance","1","A synthetic page 782 for this sample report.","1","Example page 782","1","true","","22",""
"783","https://example.test/guides/page-783","/guides/","200","text/html","indexable","","https://example.test/page-783","1","Example help & guidance","1","A synthetic page 783 for this sample report.","1","Example page 783","1","false","","23",""
"784","https://example.test/products/page-784","/products/","200","text/html","indexable","","https://example.test/page-784","1","Example help & guidance","1","A synthetic page 784 for this sample report.","1","Example page 784","1","true","","24",""
"785","https://example.test/support/page-785","/support/","200","text/html","indexable","","https://example.test/page-785","1","Example help & guidance","1","","0","Example page 785","1","false","","25",""
"786","https://example.test/guides/page-786","/guides/","200","text/html","indexable","","https://example.test/page-786","1","Example help & guidance","1","A synthetic page 786 for this sample report.","1","Example page 786","1","true","","26",""
"787","https://example.test/products/page-787","/products/","200","text/html","indexable","","https://example.test/page-787","1","Example help & guidance","1","A synthetic page 787 for this sample report.","1","Example page 787","1","false","","27",""
"788","https://example.test/support/page-788","/support/","200","text/html","indexable","","https://example.test/page-788","1","Example help & guidance","1","A synthetic page 788 for this sample report.","1","Example page 788","1","true","","28",""
"789","https://example.test/guides/page-789","/guides/","200","text/html","indexable","","https://example.test/page-789","1","Example help & guidance","1","A synthetic page 789 for this sample report.","1","Example page 789","1","false","","29",""
"790","https://example.test/products/page-790","/products/","200","text/html","indexable","","https://example.test/page-790","1","Example help & guidance","1","","0","Example page 790","1","true","","30",""
"791","https://example.test/support/page-791","/support/","200","text/html","indexable","","https://example.test/page-791","1","Example help & guidance","1","A synthetic page 791 for this sample report.","1","Example page 791","1","false","","31",""
"792","https://example.test/guides/page-792","/guides/","200","text/html","indexable","","https://example.test/page-792","1","Example help & guidance","1","A synthetic page 792 for this sample report.","1","Example page 792","1","true","","32",""
"793","https://example.test/products/page-793","/products/","200","text/html","indexable","","https://example.test/page-793","1","Example help & guidance","1","A synthetic page 793 for this sample report.","1","Example page 793","1","false","","33",""
"794","https://example.test/support/page-794","/support/","200","text/html","indexable","","https://example.test/page-794","1","Example help & guidance","1","A synthetic page 794 for this sample report.","1","Example page 794","1","true","","34",""
"795","https://example.test/guides/page-795","/guides/","200","text/html","indexable","","https://example.test/page-795","1","Example help & guidance","1","","0","Example page 795","1","false","","35",""
"796","https://example.test/products/page-796","/products/","200","text/html","indexable","","https://example.test/page-796","1","Example help & guidance","1","A synthetic page 796 for this sample report.","1","Example page 796","1","true","","36",""
"797","https://example.test/support/page-797","/support/","200","text/html","indexable","","https://example.test/page-797","1","Example help & guidance","1","A synthetic page 797 for this sample report.","1","Example page 797","1","false","","37",""
"798","https://example.test/guides/page-798","/guides/","200","text/html","indexable","","https://example.test/page-798","1","Example help & guidance","1","A synthetic page 798 for this sample report.","1","Example page 798","1","true","","38",""
"799","https://example.test/products/page-799","/products/","200","text/html","indexable","","https://example.test/page-799","1","Example help & guidance","1","A synthetic page 799 for this sample report.","1","Example page 799","1","false","","39",""
"800","https://example.test/support/page-800","/support/","200","text/html","non-indexable","Noindex","https://example.test/page-800","1","Example page 800","1","","0","Example page 800","1","true","","0",""
"801","https://example.test/guides/page-801","/guides/","200","text/html","indexable","","https://example.test/page-801","1","Example page 801","1","A synthetic page 801 for this sample report.","1","Example page 801","1","false","","1",""
"802","https://example.test/products/page-802","/products/","200","text/html","indexable","","https://example.test/page-802","1","Example page 802","1","A synthetic page 802 for this sample report.","1","Example page 802","1","true","","2",""
"803","https://example.test/support/page-803","/support/","200","text/html","indexable","","https://example.test/page-803","1","Example page 803","1","A synthetic page 803 for this sample report.","1","Example page 803","1","false","","3",""
"804","https://example.test/guides/page-804","/guides/","200","text/html","indexable","","https://example.test/page-804","1","Example page 804","1","A synthetic page 804 for this sample report.","1","Example page 804","1","true","","4",""
"805","https://example.test/products/page-805","/products/","200","text/html","indexable","","https://example.test/page-805","1","Example page 805","1","","0","Example page 805","1","false","","5",""
"806","https://example.test/support/page-806","/support/","200","text/html","indexable","","https://example.test/page-806","1","Example page 806","1","A synthetic page 806 for this sample report.","1","Example page 806","1","true","","6",""
"807","https://example.test/guides/page-807","/guides/","200","text/html","indexable","","https://example.test/page-807","1","Example page 807","1","A synthetic page 807 for this sample report.","1","Example page 807","1","false","","7",""
"808","https://example.test/products/page-808","/products/","200","text/html","indexable","","https://example.test/page-808","1","Example page 808","1","A synthetic page 808 for this sample report.","1","Example page 808","1","true","","8",""
"809","https://example.test/support/page-809","/support/","200","text/html","indexable","","https://example.test/page-809","1","Example page 809","1","A synthetic page 809 for this sample report.","1","Example page 809","1","false","","9",""
"810","https://example.test/guides/page-810","/guides/","200","text/html","indexable","","https://example.test/page-810","1","Example page 810","1","","0","Example page 810","1","true","","10",""
"811","https://example.test/products/page-811","/products/","200","text/html","indexable","","https://example.test/page-811","1","Example page 811","1","A synthetic page 811 for this sample report.","1","Example page 811","1","false","","11",""
"812","https://example.test/support/page-812","/support/","200","text/html","indexable","","https://example.test/page-812","1","Example page 812","1","A synthetic page 812 for this sample report.","1","Example page 812","1","true","","12",""
"813","https://example.test/guides/page-813","/guides/","200","text/html","indexable","","https://example.test/page-813","1","Example page 813","1","A synthetic page 813 for this sample report.","1","Example page 813","1","false","","13",""
"814","https://example.test/products/page-814","/products/","200","text/html","indexable","","https://example.test/page-814","1","Example page 814","1","A synthetic page 814 for this sample report.","1","Example page 814","1","true","","14",""
"815","https://example.test/support/page-815","/support/","200","text/html","indexable","","https://example.test/page-815","1","Example page 815","1","","0","Example page 815","1","false","","15",""
"816","https://example.test/guides/page-816","/guides/","200","text/html","indexable","","https://example.test/page-816","1","Example page 816","1","A synthetic page 816 for this sample report.","1","Example page 816","1","true","","16",""
"817","https://example.test/products/page-817","/products/","200","text/html","indexable","","https://example.test/page-817","1","Example page 817","1","A synthetic page 817 for this sample report.","1","Example page 817","1","false","","17",""
"818","https://example.test/support/page-818","/support/","200","text/html","indexable","","https://example.test/page-818","1","Example page 818","1","A synthetic page 818 for this sample report.","1","Example page 818","1","true","","18",""
"819","https://example.test/guides/page-819","/guides/","200","text/html","indexable","","https://example.test/page-819","1","Example page 819","1","A synthetic page 819 for this sample report.","1","Example page 819","1","false","","19",""
"820","https://example.test/products/page-820","/products/","200","text/html","indexable","","https://example.test/page-820","1","Example page 820","1","","0","Example page 820","1","true","","20",""
"821","https://example.test/support/page-821","/support/","200","text/html","indexable","","https://example.test/page-821","1","Example page 821","1","A synthetic page 821 for this sample report.","1","Example page 821","1","false","","21",""
"822","https://example.test/guides/page-822","/guides/","200","text/html","indexable","","https://example.test/page-822","1","Example page 822","1","A synthetic page 822 for this sample report.","1","Example page 822","1","true","","22",""
"823","https://example.test/products/page-823","/products/","200","text/html","indexable","","https://example.test/page-823","1","Example page 823","1","A synthetic page 823 for this sample report.","1","Example page 823","1","false","","23",""
"824","https://example.test/support/page-824","/support/","200","text/html","indexable","","https://example.test/page-824","1","Example page 824","1","A synthetic page 824 for this sample report.","1","Example page 824","1","true","","24",""
"825","https://example.test/guides/page-825","/guides/","200","text/html","indexable","","https://example.test/page-825","1","Example page 825","1","","0","Example page 825","1","false","","25",""
"826","https://example.test/products/page-826","/products/","200","text/html","indexable","","https://example.test/page-826","1","Example page 826","1","A synthetic page 826 for this sample report.","1","Example page 826","1","true","","26",""
"827","https://example.test/support/page-827","/support/","200","text/html","indexable","","https://example.test/page-827","1","Example page 827","1","A synthetic page 827 for this sample report.","1","Example page 827","1","false","","27",""
"828","https://example.test/guides/page-828","/guides/","200","text/html","indexable","","https://example.test/page-828","1","Example page 828","1","A synthetic page 828 for this sample report.","1","Example page 828","1","true","","28",""
"829","https://example.test/products/page-829","/products/","200","text/html","indexable","","https://example.test/page-829","1","Example page 829","1","A synthetic page 829 for this sample report.","1","Example page 829","1","false","","29",""
"830","https://example.test/support/page-830","/support/","200","text/html","non-indexable","Noindex","https://example.test/page-830","1","Example page 830","1","","0","Example page 830","1","true","","30",""
"831","https://example.test/guides/page-831","/guides/","200","text/html","indexable","","https://example.test/page-831","1","Example page 831","1","A synthetic page 831 for this sample report.","1","Example page 831","1","false","","31",""
"832","https://example.test/products/page-832","/products/","200","text/html","indexable","","https://example.test/page-832","1","Example page 832","1","A synthetic page 832 for this sample report.","1","Example page 832","1","true","","32",""
"833","https://example.test/support/page-833","/support/","200","text/html","indexable","","https://example.test/page-833","1","Example page 833","1","A synthetic page 833 for this sample report.","1","Example page 833","1","false","","33",""
"834","https://example.test/guides/page-834","/guides/","200","text/html","indexable","","https://example.test/page-834","1","Example page 834","1","A synthetic page 834 for this sample report.","1","Example page 834","1","true","","34",""
"835","https://example.test/products/page-835","/products/","200","text/html","indexable","","https://example.test/page-835","1","Example page 835","1","","0","Example page 835","1","false","","35",""
"836","https://example.test/support/page-836","/support/","200","text/html","indexable","","https://example.test/page-836","1","Example page 836","1","A synthetic page 836 for this sample report.","1","Example page 836","1","true","","36",""
"837","https://example.test/guides/page-837","/guides/","200","text/html","indexable","","https://example.test/page-837","1","Example page 837","1","A synthetic page 837 for this sample report.","1","Example page 837","1","false","","37",""
"838","https://example.test/products/page-838","/products/","200","text/html","indexable","","https://example.test/page-838","1","Example page 838","1","A synthetic page 838 for this sample report.","1","Example page 838","1","true","","38",""
"839","https://example.test/support/page-839","/support/","200","text/html","indexable","","https://example.test/page-839","1","Example page 839","1","A synthetic page 839 for this sample report.","1","Example page 839","1","false","","39",""
"840","https://example.test/guides/page-840","/guides/","200","text/html","indexable","","https://example.test/page-840","1","Example page 840","1","","0","Example page 840","1","true","","0",""
"841","https://example.test/products/page-841","/products/","200","text/html","indexable","","https://example.test/page-841","1","Example page 841","1","A synthetic page 841 for this sample report.","1","Example page 841","1","false","","1",""
"842","https://example.test/support/page-842","/support/","200","text/html","indexable","","https://example.test/page-842","1","Example page 842","1","A synthetic page 842 for this sample report.","1","Example page 842","1","true","","2",""
"843","https://example.test/guides/page-843","/guides/","200","text/html","indexable","","https://example.test/page-843","1","Example page 843","1","A synthetic page 843 for this sample report.","1","Example page 843","1","false","","3",""
"844","https://example.test/products/page-844","/products/","200","text/html","indexable","","https://example.test/page-844","1","Example page 844","1","A synthetic page 844 for this sample report.","1","Example page 844","1","true","","4",""
"845","https://example.test/support/page-845","/support/","200","text/html","indexable","","https://example.test/page-845","1","Example page 845","1","","0","Example page 845","1","false","","5",""
"846","https://example.test/guides/page-846","/guides/","200","text/html","indexable","","https://example.test/page-846","1","Example page 846","1","A synthetic page 846 for this sample report.","1","Example page 846","1","true","","6",""
"847","https://example.test/products/page-847","/products/","200","text/html","indexable","","https://example.test/page-847","1","Example page 847","1","A synthetic page 847 for this sample report.","1","Example page 847","1","false","","7",""
"848","https://example.test/support/page-848","/support/","200","text/html","indexable","","https://example.test/page-848","1","Example page 848","1","A synthetic page 848 for this sample report.","1","Example page 848","1","true","","8",""
"849","https://example.test/guides/page-849","/guides/","200","text/html","indexable","","https://example.test/page-849","1","Example page 849","1","A synthetic page 849 for this sample report.","1","Example page 849","1","false","","9",""
"850","https://example.test/products/page-850","/products/","200","text/html","indexable","","https://example.test/page-850","1","Example page 850","1","","0","Example page 850","1","true","","10",""
"851","https://example.test/support/page-851","/support/","200","text/html","indexable","","https://example.test/page-851","1","Example page 851","1","A synthetic page 851 for this sample report.","1","Example page 851","1","false","","11",""
"852","https://example.test/guides/page-852","/guides/","200","text/html","indexable","","https://example.test/page-852","1","Example page 852","1","A synthetic page 852 for this sample report.","1","Example page 852","1","true","","12",""
"853","https://example.test/products/page-853","/products/","200","text/html","indexable","","https://example.test/page-853","1","Example page 853","1","A synthetic page 853 for this sample report.","1","Example page 853","1","false","","13",""
"854","https://example.test/support/page-854","/support/","200","text/html","indexable","","https://example.test/page-854","1","Example page 854","1","A synthetic page 854 for this sample report.","1","Example page 854","1","true","","14",""
"855","https://example.test/guides/page-855","/guides/","200","text/html","indexable","","https://example.test/page-855","1","Example page 855","1","","0","Example page 855","1","false","","15",""
"856","https://example.test/products/page-856","/products/","200","text/html","indexable","","https://example.test/page-856","1","Example page 856","1","A synthetic page 856 for this sample report.","1","Example page 856","1","true","","16",""
"857","https://example.test/support/page-857","/support/","200","text/html","indexable","","https://example.test/page-857","1","Example page 857","1","A synthetic page 857 for this sample report.","1","Example page 857","1","false","","17",""
"858","https://example.test/guides/page-858","/guides/","200","text/html","indexable","","https://example.test/page-858","1","Example page 858","1","A synthetic page 858 for this sample report.","1","Example page 858","1","true","","18",""
"859","https://example.test/products/page-859","/products/","200","text/html","indexable","","https://example.test/page-859","1","Example page 859","1","A synthetic page 859 for this sample report.","1","Example page 859","1","false","","19",""
"860","https://example.test/support/page-860","/support/","200","text/html","non-indexable","Noindex","https://example.test/page-860","1","Example page 860","1","","0","Example page 860","1","true","","20",""
"861","https://example.test/guides/page-861","/guides/","200","text/html","indexable","","https://example.test/page-861","1","Example page 861","1","A synthetic page 861 for this sample report.","1","Example page 861","1","false","","21",""
"862","https://example.test/products/page-862","/products/","200","text/html","indexable","","https://example.test/page-862","1","Example page 862","1","A synthetic page 862 for this sample report.","1","Example page 862","1","true","","22",""
"863","https://example.test/support/page-863","/support/","200","text/html","indexable","","https://example.test/page-863","1","Example page 863","1","A synthetic page 863 for this sample report.","1","Example page 863","1","false","","23",""
"864","https://example.test/guides/page-864","/guides/","200","text/html","indexable","","https://example.test/page-864","1","Example page 864","1","A synthetic page 864 for this sample report.","1","Example page 864","1","true","","24",""
"865","https://example.test/products/page-865","/products/","200","text/html","indexable","","https://example.test/page-865","1","Example page 865","1","","0","Example page 865","1","false","","25",""
"866","https://example.test/support/page-866","/support/","200","text/html","indexable","","https://example.test/page-866","1","Example page 866","1","A synthetic page 866 for this sample report.","1","Example page 866","1","true","","26",""
"867","https://example.test/guides/page-867","/guides/","200","text/html","indexable","","https://example.test/page-867","1","Example page 867","1","A synthetic page 867 for this sample report.","1","Example page 867","1","false","","27",""
"868","https://example.test/products/page-868","/products/","200","text/html","indexable","","https://example.test/page-868","1","Example page 868","1","A synthetic page 868 for this sample report.","1","Example page 868","1","true","","28",""
"869","https://example.test/support/page-869","/support/","200","text/html","indexable","","https://example.test/page-869","1","Example page 869","1","A synthetic page 869 for this sample report.","1","Example page 869","1","false","","29",""
"870","https://example.test/guides/page-870","/guides/","200","text/html","indexable","","https://example.test/page-870","1","Example page 870","1","","0","Example page 870","1","true","","30",""
"871","https://example.test/products/page-871","/products/","200","text/html","indexable","","https://example.test/page-871","1","Example page 871","1","A synthetic page 871 for this sample report.","1","Example page 871","1","false","","31",""
"872","https://example.test/support/page-872","/support/","200","text/html","indexable","","https://example.test/page-872","1","Example page 872","1","A synthetic page 872 for this sample report.","1","Example page 872","1","true","","32",""
"873","https://example.test/guides/page-873","/guides/","200","text/html","indexable","","https://example.test/page-873","1","Example page 873","1","A synthetic page 873 for this sample report.","1","Example page 873","1","false","","33",""
"874","https://example.test/products/page-874","/products/","200","text/html","indexable","","https://example.test/page-874","1","Example page 874","1","A synthetic page 874 for this sample report.","1","Example page 874","1","true","","34",""
"875","https://example.test/support/page-875","/support/","200","text/html","indexable","","https://example.test/page-875","1","Example page 875","1","","0","Example page 875","1","false","","35",""
"876","https://example.test/guides/page-876","/guides/","200","text/html","indexable","","https://example.test/page-876","1","Example page 876","1","A synthetic page 876 for this sample report.","1","Example page 876","1","true","","36",""
"877","https://example.test/products/page-877","/products/","200","text/html","indexable","","https://example.test/page-877","1","Example page 877","1","A synthetic page 877 for this sample report.","1","Example page 877","1","false","","37",""
"878","https://example.test/support/page-878","/support/","200","text/html","indexable","","https://example.test/page-878","1","Example page 878","1","A synthetic page 878 for this sample report.","1","Example page 878","1","true","","38",""
"879","https://example.test/guides/page-879","/guides/","200","text/html","indexable","","https://example.test/page-879","1","Example page 879","1","A synthetic page 879 for this sample report.","1","Example page 879","1","false","","39",""
"880","https://example.test/products/page-880","/products/","200","text/html","indexable","","https://example.test/page-880","1","Example page 880","1","","0","Example page 880","1","true","","0",""
"881","https://example.test/support/page-881","/support/","200","text/html","indexable","","https://example.test/page-881","1","Example page 881","1","A synthetic page 881 for this sample report.","1","Example page 881","1","false","","1",""
"882","https://example.test/guides/page-882","/guides/","200","text/html","indexable","","https://example.test/page-882","1","Example page 882","1","A synthetic page 882 for this sample report.","1","Example page 882","1","true","","2",""
"883","https://example.test/products/page-883","/products/","200","text/html","indexable","","https://example.test/page-883","1","Example page 883","1","A synthetic page 883 for this sample report.","1","Example page 883","1","false","","3",""
"884","https://example.test/support/page-884","/support/","200","text/html","indexable","","https://example.test/page-884","1","Example page 884","1","A synthetic page 884 for this sample report.","1","Example page 884","1","true","","4",""
"885","https://example.test/guides/page-885","/guides/","200","text/html","indexable","","https://example.test/page-885","1","Example page 885","1","","0","Example page 885","1","false","","5",""
"886","https://example.test/products/page-886","/products/","200","text/html","indexable","","https://example.test/page-886","1","Example page 886","1","A synthetic page 886 for this sample report.","1","Example page 886","1","true","","6",""
"887","https://example.test/support/page-887","/support/","200","text/html","indexable","","https://example.test/page-887","1","Example page 887","1","A synthetic page 887 for this sample report.","1","Example page 887","1","false","","7",""
"888","https://example.test/guides/page-888","/guides/","200","text/html","indexable","","https://example.test/page-888","1","Example page 888","1","A synthetic page 888 for this sample report.","1","Example page 888","1","true","","8",""
"889","https://example.test/products/page-889","/products/","200","text/html","indexable","","https://example.test/page-889","1","Example page 889","1","A synthetic page 889 for this sample report.","1","Example page 889","1","false","","9",""
"890","https://example.test/support/page-890","/support/","200","text/html","non-indexable","Noindex","https://example.test/page-890","1","Example page 890","1","","0","Example page 890","1","true","","10",""
"891","https://example.test/guides/page-891","/guides/","200","text/html","indexable","","https://example.test/page-891","1","Example page 891","1","A synthetic page 891 for this sample report.","1","Example page 891","1","false","","11",""
"892","https://example.test/products/page-892","/products/","200","text/html","indexable","","https://example.test/page-892","1","Example page 892","1","A synthetic page 892 for this sample report.","1","Example page 892","1","true","","12",""
"893","https://example.test/support/page-893","/support/","200","text/html","indexable","","https://example.test/page-893","1","Example page 893","1","A synthetic page 893 for this sample report.","1","Example page 893","1","false","","13",""
"894","https://example.test/guides/page-894","/guides/","200","text/html","indexable","","https://example.test/page-894","1","Example page 894","1","A synthetic page 894 for this sample report.","1","Example page 894","1","true","","14",""
"895","https://example.test/products/page-895","/products/","200","text/html","indexable","","https://example.test/page-895","1","Example page 895","1","","0","Example page 895","1","false","","15",""
"896","https://example.test/support/page-896","/support/","200","text/html","indexable","","https://example.test/page-896","1","Example page 896","1","A synthetic page 896 for this sample report.","1","Example page 896","1","true","","16",""
"897","https://example.test/guides/page-897","/guides/","200","text/html","indexable","","https://example.test/page-897","1","Example page 897","1","A synthetic page 897 for this sample report.","1","Example page 897","1","false","","17",""
"898","https://example.test/products/page-898","/products/","200","text/html","indexable","","https://example.test/page-898","1","Example page 898","1","A synthetic page 898 for this sample report.","1","Example page 898","1","true","","18",""
"899","https://example.test/support/page-899","/support/","200","text/html","indexable","","https://example.test/page-899","1","Example page 899","1","A synthetic page 899 for this sample report.","1","Example page 899","1","false","","19",""
"900","https://example.test/guides/page-900","/guides/","200","text/html","indexable","","https://example.test/page-900","1","Example page 900","1","","0","Example page 900","1","true","","20",""
"901","https://example.test/products/page-901","/products/","200","text/html","indexable","","https://example.test/page-901","1","Example page 901","1","A synthetic page 901 for this sample report.","1","Example page 901","1","false","","21",""
"902","https://example.test/support/page-902","/support/","200","text/html","indexable","","https://example.test/page-902","1","Example page 902","1","A synthetic page 902 for this sample report.","1","Example page 902","1","true","","22",""
"903","https://example.test/guides/page-903","/guides/","200","text/html","indexable","","https://example.test/page-903","1","Example page 903","1","A synthetic page 903 for this sample report.","1","Example page 903","1","false","","23",""
"904","https://example.test/products/page-904","/products/","200","text/html","indexable","","https://example.test/page-904","1","Example page 904","1","A synthetic page 904 for this sample report.","1","Example page 904","1","true","","24",""
"905","https://example.test/support/page-905","/support/","200","text/html","indexable","","https://example.test/page-905","1","Example page 905","1","","0","Example page 905","1","false","","25",""
"906","https://example.test/guides/page-906","/guides/","200","text/html","indexable","","https://example.test/page-906","1","Example page 906","1","A synthetic page 906 for this sample report.","1","Example page 906","1","true","","26",""
"907","https://example.test/products/page-907","/products/","200","text/html","indexable","","https://example.test/page-907","1","Example page 907","1","A synthetic page 907 for this sample report.","1","Example page 907","1","false","","27",""
"908","https://example.test/support/page-908","/support/","200","text/html","indexable","","https://example.test/page-908","1","Example page 908","1","A synthetic page 908 for this sample report.","1","Example page 908","1","true","","28",""
"909","https://example.test/guides/page-909","/guides/","200","text/html","indexable","","https://example.test/page-909","1","Example page 909","1","A synthetic page 909 for this sample report.","1","Example page 909","1","false","","29",""
"910","https://example.test/products/page-910","/products/","200","text/html","indexable","","https://example.test/page-910","1","Example page 910","1","","0","Example page 910","1","true","","30",""
"911","https://example.test/support/page-911","/support/","200","text/html","indexable","","https://example.test/page-911","1","Example page 911","1","A synthetic page 911 for this sample report.","1","Example page 911","1","false","","31",""
"912","https://example.test/guides/page-912","/guides/","200","text/html","indexable","","https://example.test/page-912","1","Example page 912","1","A synthetic page 912 for this sample report.","1","Example page 912","1","true","","32",""
"913","https://example.test/products/page-913","/products/","200","text/html","indexable","","https://example.test/page-913","1","Example page 913","1","A synthetic page 913 for this sample report.","1","Example page 913","1","false","","33",""
"914","https://example.test/support/page-914","/support/","200","text/html","indexable","","https://example.test/page-914","1","Example page 914","1","A synthetic page 914 for this sample report.","1","Example page 914","1","true","","34",""
"915","https://example.test/guides/page-915","/guides/","200","text/html","indexable","","https://example.test/page-915","1","Example page 915","1","","0","Example page 915","1","false","","35",""
"916","https://example.test/products/page-916","/products/","200","text/html","indexable","","https://example.test/page-916","1","Example page 916","1","A synthetic page 916 for this sample report.","1","Example page 916","1","true","","36",""
"917","https://example.test/support/page-917","/support/","200","text/html","indexable","","https://example.test/page-917","1","Example page 917","1","A synthetic page 917 for this sample report.","1","Example page 917","1","false","","37",""
"918","https://example.test/guides/page-918","/guides/","200","text/html","indexable","","https://example.test/page-918","1","Example page 918","1","A synthetic page 918 for this sample report.","1","Example page 918","1","true","","38",""
"919","https://example.test/products/page-919","/products/","200","text/html","indexable","","https://example.test/page-919","1","Example page 919","1","A synthetic page 919 for this sample report.","1","Example page 919","1","false","","39",""
"920","https://example.test/support/page-920","/support/","200","text/html","non-indexable","Noindex","https://example.test/page-920","1","Example page 920","1","","0","Example page 920","1","true","","0",""
"921","https://example.test/guides/page-921","/guides/","200","text/html","indexable","","https://example.test/page-921","1","Example page 921","1","A synthetic page 921 for this sample report.","1","Example page 921","1","false","","1",""
"922","https://example.test/products/page-922","/products/","200","text/html","indexable","","https://example.test/page-922","1","Example page 922","1","A synthetic page 922 for this sample report.","1","Example page 922","1","true","","2",""
"923","https://example.test/support/page-923","/support/","200","text/html","indexable","","https://example.test/page-923","1","Example page 923","1","A synthetic page 923 for this sample report.","1","Example page 923","1","false","","3",""
"924","https://example.test/guides/page-924","/guides/","200","text/html","indexable","","https://example.test/page-924","1","Example page 924","1","A synthetic page 924 for this sample report.","1","Example page 924","1","true","","4",""
"925","https://example.test/products/page-925","/products/","200","text/html","indexable","","https://example.test/page-925","1","Example page 925","1","","0","Example page 925","1","false","","5",""
"926","https://example.test/support/page-926","/support/","200","text/html","indexable","","https://example.test/page-926","1","Example page 926","1","A synthetic page 926 for this sample report.","1","Example page 926","1","true","","6",""
"927","https://example.test/guides/page-927","/guides/","200","text/html","indexable","","https://example.test/page-927","1","Example page 927","1","A synthetic page 927 for this sample report.","1","Example page 927","1","false","","7",""
"928","https://example.test/products/page-928","/products/","200","text/html","indexable","","https://example.test/page-928","1","Example page 928","1","A synthetic page 928 for this sample report.","1","Example page 928","1","true","","8",""
"929","https://example.test/support/page-929","/support/","200","text/html","indexable","","https://example.test/page-929","1","Example page 929","1","A synthetic page 929 for this sample report.","1","Example page 929","1","false","","9",""
"930","https://example.test/guides/page-930","/guides/","200","text/html","indexable","","https://example.test/page-930","1","Example page 930","1","","0","Example page 930","1","true","","10",""
"931","https://example.test/products/page-931","/products/","200","text/html","indexable","","https://example.test/page-931","1","Example page 931","1","A synthetic page 931 for this sample report.","1","Example page 931","1","false","","11",""
"932","https://example.test/support/page-932","/support/","200","text/html","indexable","","https://example.test/page-932","1","Example page 932","1","A synthetic page 932 for this sample report.","1","Example page 932","1","true","","12",""
"933","https://example.test/guides/page-933","/guides/","200","text/html","indexable","","https://example.test/page-933","1","Example page 933","1","A synthetic page 933 for this sample report.","1","Example page 933","1","false","","13",""
"934","https://example.test/products/page-934","/products/","200","text/html","indexable","","https://example.test/page-934","1","Example page 934","1","A synthetic page 934 for this sample report.","1","Example page 934","1","true","","14",""
"935","https://example.test/support/page-935","/support/","200","text/html","indexable","","https://example.test/page-935","1","Example page 935","1","","0","Example page 935","1","false","","15",""
"936","https://example.test/guides/page-936","/guides/","200","text/html","indexable","","https://example.test/page-936","1","Example page 936","1","A synthetic page 936 for this sample report.","1","Example page 936","1","true","","16",""
"937","https://example.test/products/page-937","/products/","200","text/html","indexable","","https://example.test/page-937","1","Example page 937","1","A synthetic page 937 for this sample report.","1","Example page 937","1","false","","17",""
"938","https://example.test/support/page-938","/support/","200","text/html","indexable","","https://example.test/page-938","1","Example page 938","1","A synthetic page 938 for this sample report.","1","Example page 938","1","true","","18",""
"939","https://example.test/guides/page-939","/guides/","200","text/html","indexable","","https://example.test/page-939","1","Example page 939","1","A synthetic page 939 for this sample report.","1","Example page 939","1","false","","19",""
"940","https://example.test/products/page-940","/products/","200","text/html","indexable","","https://example.test/page-940","1","Example page 940","1","","0","Example page 940","1","true","","20",""
"941","https://example.test/support/page-941","/support/","200","text/html","indexable","","https://example.test/page-941","1","Example page 941","1","A synthetic page 941 for this sample report.","1","Example page 941","1","false","","21",""
"942","https://example.test/guides/page-942","/guides/","200","text/html","indexable","","https://example.test/page-942","1","Example page 942","1","A synthetic page 942 for this sample report.","1","Example page 942","1","true","","22",""
"943","https://example.test/products/page-943","/products/","200","text/html","indexable","","https://example.test/page-943","1","Example page 943","1","A synthetic page 943 for this sample report.","1","Example page 943","1","false","","23",""
"944","https://example.test/support/page-944","/support/","200","text/html","indexable","","https://example.test/page-944","1","Example page 944","1","A synthetic page 944 for this sample report.","1","Example page 944","1","true","","24",""
"945","https://example.test/guides/page-945","/guides/","200","text/html","indexable","","https://example.test/page-945","1","Example page 945","1","","0","Example page 945","1","false","","25",""
"946","https://example.test/products/page-946","/products/","200","text/html","indexable","","https://example.test/page-946","1","Example page 946","1","A synthetic page 946 for this sample report.","1","Example page 946","1","true","","26",""
"947","https://example.test/support/page-947","/support/","200","text/html","indexable","","https://example.test/page-947","1","Example page 947","1","A synthetic page 947 for this sample report.","1","Example page 947","1","false","","27",""
"948","https://example.test/guides/page-948","/guides/","200","text/html","indexable","","https://example.test/page-948","1","Example page 948","1","A synthetic page 948 for this sample report.","1","Example page 948","1","true","","28",""
"949","https://example.test/products/page-949","/products/","200","text/html","indexable","","https://example.test/page-949","1","Example page 949","1","A synthetic page 949 for this sample report.","1","Example page 949","1","false","","29",""
"950","https://example.test/support/page-950","/support/","200","text/html","non-indexable","Noindex","https://example.test/page-950","1","Example page 950","1","","0","Example page 950","1","true","","30",""
"951","https://example.test/guides/page-951","/guides/","200","text/html","indexable","","https://example.test/page-951","1","Example page 951","1","A synthetic page 951 for this sample report.","1","Example page 951","1","false","","31",""
"952","https://example.test/products/page-952","/products/","200","text/html","indexable","","https://example.test/page-952","1","Example page 952","1","A synthetic page 952 for this sample report.","1","Example page 952","1","true","","32",""
"953","https://example.test/support/page-953","/support/","200","text/html","indexable","","https://example.test/page-953","1","Example page 953","1","A synthetic page 953 for this sample report.","1","Example page 953","1","false","","33",""
"954","https://example.test/guides/page-954","/guides/","200","text/html","indexable","","https://example.test/page-954","1","Example page 954","1","A synthetic page 954 for this sample report.","1","Example page 954","1","true","","34",""
"955","https://example.test/products/page-955","/products/","200","text/html","indexable","","https://example.test/page-955","1","Example page 955","1","","0","Example page 955","1","false","","35",""
"956","https://example.test/support/page-956","/support/","200","text/html","indexable","","https://example.test/page-956","1","Example page 956","1","A synthetic page 956 for this sample report.","1","Example page 956","1","true","","36",""
"957","https://example.test/guides/page-957","/guides/","200","text/html","indexable","","https://example.test/page-957","1","Example page 957","1","A synthetic page 957 for this sample report.","1","Example page 957","1","false","","37",""
"958","https://example.test/products/page-958","/products/","200","text/html","indexable","","https://example.test/page-958","1","Example page 958","1","A synthetic page 958 for this sample report.","1","Example page 958","1","true","","38",""
"959","https://example.test/support/page-959","/support/","200","text/html","indexable","","https://example.test/page-959","1","Example page 959","1","A synthetic page 959 for this sample report.","1","Example page 959","1","false","","39",""
"960","https://example.test/guides/page-960","/guides/","200","text/html","indexable","","https://example.test/page-960","1","Example page 960","1","","0","Example page 960","1","true","","0",""
"961","https://example.test/products/page-961","/products/","200","text/html","indexable","","https://example.test/page-961","1","Example page 961","1","A synthetic page 961 for this sample report.","1","Example page 961","1","false","","1",""
"962","https://example.test/support/page-962","/support/","200","text/html","indexable","","https://example.test/page-962","1","Example page 962","1","A synthetic page 962 for this sample report.","1","Example page 962","1","true","","2",""
"963","https://example.test/guides/page-963","/guides/","200","text/html","indexable","","https://example.test/page-963","1","Example page 963","1","A synthetic page 963 for this sample report.","1","Example page 963","1","false","","3",""
"964","https://example.test/products/page-964","/products/","200","text/html","indexable","","https://example.test/page-964","1","Example page 964","1","A synthetic page 964 for this sample report.","1","Example page 964","1","true","","4",""
"965","https://example.test/support/page-965","/support/","200","text/html","indexable","","https://example.test/page-965","1","Example page 965","1","","0","Example page 965","1","false","","5",""
"966","https://example.test/guides/page-966","/guides/","200","text/html","indexable","","https://example.test/page-966","1","Example page 966","1","A synthetic page 966 for this sample report.","1","Example page 966","1","true","","6",""
"967","https://example.test/products/page-967","/products/","200","text/html","indexable","","https://example.test/page-967","1","Example page 967","1","A synthetic page 967 for this sample report.","1","Example page 967","1","false","","7",""
"968","https://example.test/support/page-968","/support/","200","text/html","indexable","","https://example.test/page-968","1","Example page 968","1","A synthetic page 968 for this sample report.","1","Example page 968","1","true","","8",""
"969","https://example.test/guides/page-969","/guides/","200","text/html","indexable","","https://example.test/page-969","1","Example page 969","1","A synthetic page 969 for this sample report.","1","Example page 969","1","false","","9",""
"970","https://example.test/products/page-970","/products/","200","text/html","indexable","","https://example.test/page-970","1","Example page 970","1","","0","Example page 970","1","true","","10",""
"971","https://example.test/support/page-971","/support/","200","text/html","indexable","","https://example.test/page-971","1","Example page 971","1","A synthetic page 971 for this sample report.","1","Example page 971","1","false","","11",""
"972","https://example.test/guides/page-972","/guides/","200","text/html","indexable","","https://example.test/page-972","1","Example page 972","1","A synthetic page 972 for this sample report.","1","Example page 972","1","true","","12",""
"973","https://example.test/products/page-973","/products/","200","text/html","indexable","","https://example.test/page-973","1","Example page 973","1","A synthetic page 973 for this sample report.","1","Example page 973","1","false","","13",""
"974","https://example.test/support/page-974","/support/","200","text/html","indexable","","https://example.test/page-974","1","Example page 974","1","A synthetic page 974 for this sample report.","1","Example page 974","1","true","","14",""
"975","https://example.test/guides/page-975","/guides/","200","text/html","indexable","","https://example.test/page-975","1","Example page 975","1","","0","Example page 975","1","false","","15",""
"976","https://example.test/products/page-976","/products/","200","text/html","indexable","","https://example.test/page-976","1","Example page 976","1","A synthetic page 976 for this sample report.","1","Example page 976","1","true","","16",""
"977","https://example.test/support/page-977","/support/","200","text/html","indexable","","https://example.test/page-977","1","Example page 977","1","A synthetic page 977 for this sample report.","1","Example page 977","1","false","","17",""
"978","https://example.test/guides/page-978","/guides/","200","text/html","indexable","","https://example.test/page-978","1","Example page 978","1","A synthetic page 978 for this sample report.","1","Example page 978","1","true","","18",""
"979","https://example.test/products/page-979","/products/","200","text/html","indexable","","https://example.test/page-979","1","Example page 979","1","A synthetic page 979 for this sample report.","1","Example page 979","1","false","","19",""
"980","https://example.test/support/page-980","/support/","200","text/html","non-indexable","Noindex","https://example.test/page-980","1","Example page 980","1","","0","Example page 980","1","true","","20",""
"981","https://example.test/guides/page-981","/guides/","200","text/html","indexable","","https://example.test/page-981","1","Example page 981","1","A synthetic page 981 for this sample report.","1","Example page 981","1","false","","21",""
"982","https://example.test/products/page-982","/products/","200","text/html","indexable","","https://example.test/page-982","1","Example page 982","1","A synthetic page 982 for this sample report.","1","Example page 982","1","true","","22",""
"983","https://example.test/support/page-983","/support/","200","text/html","indexable","","https://example.test/page-983","1","Example page 983","1","A synthetic page 983 for this sample report.","1","Example page 983","1","false","","23",""
"984","https://example.test/guides/page-984","/guides/","200","text/html","indexable","","https://example.test/page-984","1","Example page 984","1","A synthetic page 984 for this sample report.","1","Example page 984","1","true","","24",""
"985","https://example.test/products/page-985","/products/","200","text/html","indexable","","https://example.test/page-985","1","Example page 985","1","","0","Example page 985","1","false","","25",""
"986","https://example.test/support/page-986","/support/","200","text/html","indexable","","https://example.test/page-986","1","Example page 986","1","A synthetic page 986 for this sample report.","1","Example page 986","1","true","","26",""
"987","https://example.test/guides/page-987","/guides/","200","text/html","indexable","","https://example.test/page-987","1","Example page 987","1","A synthetic page 987 for this sample report.","1","Example page 987","1","false","","27",""
"988","https://example.test/products/page-988","/products/","200","text/html","indexable","","https://example.test/page-988","1","Example page 988","1","A synthetic page 988 for this sample report.","1","Example page 988","1","true","","28",""
"989","https://example.test/support/page-989","/support/","200","text/html","indexable","","https://example.test/page-989","1","Example page 989","1","A synthetic page 989 for this sample report.","1","Example page 989","1","false","","29",""
"990","https://example.test/guides/page-990","/guides/","200","text/html","indexable","","https://example.test/page-990","1","Example page 990","1","","0","Example page 990","1","true","","30",""
"991","https://example.test/products/page-991","/products/","200","text/html","indexable","","https://example.test/page-991","1","Example page 991","1","A synthetic page 991 for this sample report.","1","Example page 991","1","false","","31",""
"992","https://example.test/support/page-992","/support/","200","text/html","indexable","","https://example.test/page-992","1","Example page 992","1","A synthetic page 992 for this sample report.","1","Example page 992","1","true","","32",""
"993","https://example.test/guides/page-993","/guides/","200","text/html","indexable","","https://example.test/page-993","1","Example page 993","1","A synthetic page 993 for this sample report.","1","Example page 993","1","false","","33",""
"994","https://example.test/products/page-994","/products/","200","text/html","indexable","","https://example.test/page-994","1","Example page 994","1","A synthetic page 994 for this sample report.","1","Example page 994","1","true","","34",""
"995","https://example.test/support/page-995","/support/","200","text/html","indexable","","https://example.test/page-995","1","Example page 995","1","","0","Example page 995","1","false","","35",""
"996","https://example.test/guides/page-996","/guides/","200","text/html","indexable","","https://example.test/page-996","1","Example page 996","1","A synthetic page 996 for this sample report.","1","Example page 996","1","true","","36",""
"997","https://example.test/products/page-997","/products/","200","text/html","indexable","","https://example.test/page-997","1","Example page 997","1","A synthetic page 997 for this sample report.","1","Example page 997","1","false","","37",""
"998","https://example.test/support/page-998","/support/","200","text/html","indexable","","https://example.test/page-998","1","Example page 998","1","A synthetic page 998 for this sample report.","1","Example page 998","1","true","","38",""
"999","https://example.test/guides/page-999","/guides/","200","text/html","indexable","","https://example.test/page-999","1","Example page 999","1","A synthetic page 999 for this sample report.","1","Example page 999","1","false","","39",""
"1000","https://example.test/products/page-1000","/products/","200","text/html","indexable","","https://example.test/page-1000","1","Example page 1000","1","","0","Example page 1000","1","true","","0",""
"1001","https://example.test/support/page-1001","/support/","200","text/html","indexable","","https://example.test/page-1001","1","Example page 1001","1","A synthetic page 1001 for this sample report.","1","Example page 1001","1","false","","1",""
"1002","https://example.test/guides/page-1002","/guides/","200","text/html","indexable","","https://example.test/page-1002","1","Example page 1002","1","A synthetic page 1002 for this sample report.","1","Example page 1002","1","true","","2",""
"1003","https://example.test/products/page-1003","/products/","200","text/html","indexable","","https://example.test/page-1003","1","Example page 1003","1","A synthetic page 1003 for this sample report.","1","Example page 1003","1","false","","3",""
"1004","https://example.test/support/page-1004","/support/","200","text/html","indexable","","https://example.test/page-1004","1","Example page 1004","1","A synthetic page 1004 for this sample report.","1","Example page 1004","1","true","","4",""
"1005","https://example.test/guides/page-1005","/guides/","200","text/html","indexable","","https://example.test/page-1005","1","Example page 1005","1","","0","Example page 1005","1","false","","5",""
"1006","https://example.test/products/page-1006","/products/","200","text/html","indexable","","https://example.test/page-1006","1","Example page 1006","1","A synthetic page 1006 for this sample report.","1","Example page 1006","1","true","","6",""
"1007","https://example.test/support/page-1007","/support/","200","text/html","indexable","","https://example.test/page-1007","1","Example page 1007","1","A synthetic page 1007 for this sample report.","1","Example page 1007","1","false","","7",""
"1008","https://example.test/guides/page-1008","/guides/","200","text/html","indexable","","https://example.test/page-1008","1","Example page 1008","1","A synthetic page 1008 for this sample report.","1","Example page 1008","1","true","","8",""
"1009","https://example.test/products/page-1009","/products/","200","text/html","indexable","","https://example.test/page-1009","1","Example page 1009","1","A synthetic page 1009 for this sample report.","1","Example page 1009","1","false","","9",""
"1010","https://example.test/support/page-1010","/support/","200","text/html","non-indexable","Noindex","https://example.test/page-1010","1","Example page 1010","1","","0","Example page 1010","1","true","","10",""
"1011","https://example.test/guides/page-1011","/guides/","200","text/html","indexable","","https://example.test/page-1011","1","Example page 1011","1","A synthetic page 1011 for this sample report.","1","Example page 1011","1","false","","11",""
"1012","https://example.test/products/page-1012","/products/","200","text/html","indexable","","https://example.test/page-1012","1","Example page 1012","1","A synthetic page 1012 for this sample report.","1","Example page 1012","1","true","","12",""
"1013","https://example.test/support/page-1013","/support/","200","text/html","indexable","","https://example.test/page-1013","1","Example page 1013","1","A synthetic page 1013 for this sample report.","1","Example page 1013","1","false","","13",""
"1014","https://example.test/guides/page-1014","/guides/","200","text/html","indexable","","https://example.test/page-1014","1","Example page 1014","1","A synthetic page 1014 for this sample report.","1","Example page 1014","1","true","","14",""
"1015","https://example.test/products/page-1015","/products/","200","text/html","indexable","","https://example.test/page-1015","1","Example page 1015","1","","0","Example page 1015","1","false","","15",""
"1016","https://example.test/support/page-1016","/support/","200","text/html","indexable","","https://example.test/page-1016","1","Example page 1016","1","A synthetic page 1016 for this sample report.","1","Example page 1016","1","true","","16",""
"1017","https://example.test/guides/page-1017","/guides/","200","text/html","indexable","","https://example.test/page-1017","1","Example page 1017","1","A synthetic page 1017 for this sample report.","1","Example page 1017","1","false","","17",""
"1018","https://example.test/products/page-1018","/products/","200","text/html","indexable","","https://example.test/page-1018","1","Example page 1018","1","A synthetic page 1018 for this sample report.","1","Example page 1018","1","true","","18",""
"1019","https://example.test/support/page-1019","/support/","200","text/html","indexable","","https://example.test/page-1019","1","Example page 1019","1","A synthetic page 1019 for this sample report.","1","Example page 1019","1","false","","19",""
"1020","https://example.test/guides/page-1020","/guides/","200","text/html","indexable","","https://example.test/page-1020","1","Example page 1020","1","","0","Example page 1020","1","true","","20",""
"1021","https://example.test/products/page-1021","/products/","200","text/html","indexable","","https://example.test/page-1021","1","Example page 1021","1","A synthetic page 1021 for this sample report.","1","Example page 1021","1","false","","21",""
"1022","https://example.test/support/page-1022","/support/","200","text/html","indexable","","https://example.test/page-1022","1","Example page 1022","1","A synthetic page 1022 for this sample report.","1","Example page 1022","1","true","","22",""
"1023","https://example.test/guides/page-1023","/guides/","200","text/html","indexable","","https://example.test/page-1023","1","Example page 1023","1","A synthetic page 1023 for this sample report.","1","Example page 1023","1","false","","23",""
"1024","https://example.test/products/page-1024","/products/","200","text/html","indexable","","https://example.test/page-1024","1","Example page 1024","1","A synthetic page 1024 for this sample report.","1","Example page 1024","1","true","","24",""
"1025","https://example.test/support/page-1025","/support/","200","text/html","indexable","","https://example.test/page-1025","1","Example page 1025","1","","0","Example page 1025","1","false","","25",""
"1026","https://example.test/guides/page-1026","/guides/","200","text/html","indexable","","https://example.test/page-1026","1","Example page 1026","1","A synthetic page 1026 for this sample report.","1","Example page 1026","1","true","","26",""
"1027","https://example.test/products/page-1027","/products/","200","text/html","indexable","","https://example.test/page-1027","1","Example page 1027","1","A synthetic page 1027 for this sample report.","1","Example page 1027","1","false","","27",""
"1028","https://example.test/support/page-1028","/support/","200","text/html","indexable","","https://example.test/page-1028","1","Example page 1028","1","A synthetic page 1028 for this sample report.","1","Example page 1028","1","true","","28",""
"1029","https://example.test/guides/page-1029","/guides/","200","text/html","indexable","","https://example.test/page-1029","1","Example page 1029","1","A synthetic page 1029 for this sample report.","1","Example page 1029","1","false","","29",""
"1030","https://example.test/products/page-1030","/products/","200","text/html","indexable","","https://example.test/page-1030","1","Example page 1030","1","","0","Example page 1030","1","true","","30",""
"1031","https://example.test/support/page-1031","/support/","200","text/html","indexable","","https://example.test/page-1031","1","Example page 1031","1","A synthetic page 1031 for this sample report.","1","Example page 1031","1","false","","31",""
"1032","https://example.test/guides/page-1032","/guides/","200","text/html","indexable","","https://example.test/page-1032","1","Example page 1032","1","A synthetic page 1032 for this sample report.","1","Example page 1032","1","true","","32",""
"1033","https://example.test/products/page-1033","/products/","200","text/html","indexable","","https://example.test/page-1033","1","Example page 1033","1","A synthetic page 1033 for this sample report.","1","Example page 1033","1","false","","33",""
"1034","https://example.test/support/page-1034","/support/","200","text/html","indexable","","https://example.test/page-1034","1","Example page 1034","1","A synthetic page 1034 for this sample report.","1","Example page 1034","1","true","","34",""
"1035","https://example.test/guides/page-1035","/guides/","200","text/html","indexable","","https://example.test/page-1035","1","Example page 1035","1","","0","Example page 1035","1","false","","35",""
"1036","https://example.test/products/page-1036","/products/","200","text/html","indexable","","https://example.test/page-1036","1","Example page 1036","1","A synthetic page 1036 for this sample report.","1","Example page 1036","1","true","","36",""
"1037","https://example.test/support/page-1037","/support/","200","text/html","indexable","","https://example.test/page-1037","1","Example page 1037","1","A synthetic page 1037 for this sample report.","1","Example page 1037","1","false","","37",""
"1038","https://example.test/guides/page-1038","/guides/","200","text/html","indexable","","https://example.test/page-1038","1","Example page 1038","1","A synthetic page 1038 for this sample report.","1","Example page 1038","1","true","","38",""
"1039","https://example.test/products/page-1039","/products/","200","text/html","indexable","","https://example.test/page-1039","1","Example page 1039","1","A synthetic page 1039 for this sample report.","1","Example page 1039","1","false","","39",""
"1040","https://example.test/support/page-1040","/support/","200","text/html","non-indexable","Noindex","https://example.test/page-1040","1","Example page 1040","1","","0","Example page 1040","1","true","","0",""
"1041","https://example.test/guides/page-1041","/guides/","200","text/html","indexable","","https://example.test/page-1041","1","Example page 1041","1","A synthetic page 1041 for this sample report.","1","Example page 1041","1","false","","1",""
"1042","https://example.test/products/page-1042","/products/","200","text/html","indexable","","https://example.test/page-1042","1","Example page 1042","1","A synthetic page 1042 for this sample report.","1","Example page 1042","1","true","","2",""
"1043","https://example.test/support/page-1043","/support/","200","text/html","indexable","","https://example.test/page-1043","1","Example page 1043","1","A synthetic page 1043 for this sample report.","1","Example page 1043","1","false","","3",""
"1044","https://example.test/guides/page-1044","/guides/","200","text/html","indexable","","https://example.test/page-1044","1","Example page 1044","1","A synthetic page 1044 for this sample report.","1","Example page 1044","1","true","","4",""
"1045","https://example.test/products/page-1045","/products/","200","text/html","indexable","","https://example.test/page-1045","1","Example page 1045","1","","0","Example page 1045","1","false","","5",""
"1046","https://example.test/support/page-1046","/support/","200","text/html","indexable","","https://example.test/page-1046","1","Example page 1046","1","A synthetic page 1046 for this sample report.","1","Example page 1046","1","true","","6",""
"1047","https://example.test/guides/page-1047","/guides/","200","text/html","indexable","","https://example.test/page-1047","1","Example page 1047","1","A synthetic page 1047 for this sample report.","1","Example page 1047","1","false","","7",""
"1048","https://example.test/products/page-1048","/products/","200","text/html","indexable","","https://example.test/page-1048","1","Example page 1048","1","A synthetic page 1048 for this sample report.","1","Example page 1048","1","true","","8",""
"1049","https://example.test/support/page-1049","/support/","200","text/html","indexable","","https://example.test/page-1049","1","Example page 1049","1","A synthetic page 1049 for this sample report.","1","Example page 1049","1","false","","9",""
"1050","https://example.test/guides/page-1050","/guides/","200","text/html","indexable","","https://example.test/page-1050","1","Example page 1050","1","","0","Example page 1050","1","true","","10",""
"1051","https://example.test/products/page-1051","/products/","200","text/html","indexable","","https://example.test/page-1051","1","Example page 1051","1","A synthetic page 1051 for this sample report.","1","Example page 1051","1","false","","11",""
"1052","https://example.test/support/page-1052","/support/","200","text/html","indexable","","https://example.test/page-1052","1","Example page 1052","1","A synthetic page 1052 for this sample report.","1","Example page 1052","1","true","","12",""
"1053","https://example.test/guides/page-1053","/guides/","200","text/html","indexable","","https://example.test/page-1053","1","Example page 1053","1","A synthetic page 1053 for this sample report.","1","Example page 1053","1","false","","13",""
"1054","https://example.test/products/page-1054","/products/","200","text/html","indexable","","https://example.test/page-1054","1","Example page 1054","1","A synthetic page 1054 for this sample report.","1","Example page 1054","1","true","","14",""
"1055","https://example.test/support/page-1055","/support/","200","text/html","indexable","","https://example.test/page-1055","1","Example page 1055","1","","0","Example page 1055","1","false","","15",""
"1056","https://example.test/guides/page-1056","/guides/","200","text/html","indexable","","https://example.test/page-1056","1","Example page 1056","1","A synthetic page 1056 for this sample report.","1","Example page 1056","1","true","","16",""
"1057","https://example.test/products/page-1057","/products/","200","text/html","indexable","","https://example.test/page-1057","1","Example page 1057","1","A synthetic page 1057 for this sample report.","1","Example page 1057","1","false","","17",""
"1058","https://example.test/support/page-1058","/support/","200","text/html","indexable","","https://example.test/page-1058","1","Example page 1058","1","A synthetic page 1058 for this sample report.","1","Example page 1058","1","true","","18",""
"1059","https://example.test/guides/page-1059","/guides/","200","text/html","indexable","","https://example.test/page-1059","1","Example page 1059","1","A synthetic page 1059 for this sample report.","1","Example page 1059","1","false","","19",""
"1060","https://example.test/products/page-1060","/products/","200","text/html","indexable","","https://example.test/page-1060","1","Example page 1060","1","","0","Example page 1060","1","true","","20",""
"1061","https://example.test/support/page-1061","/support/","200","text/html","indexable","","https://example.test/page-1061","1","Example page 1061","1","A synthetic page 1061 for this sample report.","1","Example page 1061","1","false","","21",""
"1062","https://example.test/guides/page-1062","/guides/","200","text/html","indexable","","https://example.test/page-1062","1","Example page 1062","1","A synthetic page 1062 for this sample report.","1","Example page 1062","1","true","","22",""
"1063","https://example.test/products/page-1063","/products/","200","text/html","indexable","","https://example.test/page-1063","1","Example page 1063","1","A synthetic page 1063 for this sample report.","1","Example page 1063","1","false","","23",""
"1064","https://example.test/support/page-1064","/support/","200","text/html","indexable","","https://example.test/page-1064","1","Example page 1064","1","A synthetic page 1064 for this sample report.","1","Example page 1064","1","true","","24",""
"1065","https://example.test/guides/page-1065","/guides/","200","text/html","indexable","","https://example.test/page-1065","1","Example page 1065","1","","0","Example page 1065","1","false","","25",""
"1066","https://example.test/products/page-1066","/products/","200","text/html","indexable","","https://example.test/page-1066","1","Example page 1066","1","A synthetic page 1066 for this sample report.","1","Example page 1066","1","true","","26",""
"1067","https://example.test/support/page-1067","/support/","200","text/html","indexable","","https://example.test/page-1067","1","Example page 1067","1","A synthetic page 1067 for this sample report.","1","Example page 1067","1","false","","27",""
"1068","https://example.test/guides/page-1068","/guides/","200","text/html","indexable","","https://example.test/page-1068","1","Example page 1068","1","A synthetic page 1068 for this sample report.","1","Example page 1068","1","true","","28",""
"1069","https://example.test/products/page-1069","/products/","200","text/html","indexable","","https://example.test/page-1069","1","Example page 1069","1","A synthetic page 1069 for this sample report.","1","Example page 1069","1","false","","29",""
"1070","https://example.test/support/page-1070","/support/","200","text/html","non-indexable","Noindex","https://example.test/page-1070","1","Example page 1070","1","","0","Example page 1070","1","true","","30",""
"1071","https://example.test/guides/page-1071","/guides/","200","text/html","indexable","","https://example.test/page-1071","1","Example page 1071","1","A synthetic page 1071 for this sample report.","1","Example page 1071","1","false","","31",""
"1072","https://example.test/products/page-1072","/products/","200","text/html","indexable","","https://example.test/page-1072","1","Example page 1072","1","A synthetic page 1072 for this sample report.","1","Example page 1072","1","true","","32",""
"1073","https://example.test/support/page-1073","/support/","200","text/html","indexable","","https://example.test/page-1073","1","Example page 1073","1","A synthetic page 1073 for this sample report.","1","Example page 1073","1","false","","33",""
"1074","https://example.test/guides/page-1074","/guides/","200","text/html","indexable","","https://example.test/page-1074","1","Example page 1074","1","A synthetic page 1074 for this sample report.","1","Example page 1074","1","true","","34",""
"1075","https://example.test/products/page-1075","/products/","200","text/html","indexable","","https://example.test/page-1075","1","Example page 1075","1","","0","Example page 1075","1","false","","35",""
"1076","https://example.test/support/page-1076","/support/","200","text/html","indexable","","https://example.test/page-1076","1","Example page 1076","1","A synthetic page 1076 for this sample report.","1","Example page 1076","1","true","","36",""
"1077","https://example.test/guides/page-1077","/guides/","200","text/html","indexable","","https://example.test/page-1077","1","Example page 1077","1","A synthetic page 1077 for this sample report.","1","Example page 1077","1","false","","37",""
"1078","https://example.test/products/page-1078","/products/","200","text/html","indexable","","https://example.test/page-1078","1","Example page 1078","1","A synthetic page 1078 for this sample report.","1","Example page 1078","1","true","","38",""
"1079","https://example.test/support/page-1079","/support/","200","text/html","indexable","","https://example.test/page-1079","1","Example page 1079","1","A synthetic page 1079 for this sample report.","1","Example page 1079","1","false","","39",""
"1080","https://example.test/guides/page-1080","/guides/","200","text/html","indexable","","https://example.test/page-1080","1","Example page 1080","1","","0","Example page 1080","1","true","","0",""
"1081","https://example.test/products/page-1081","/products/","200","text/html","indexable","","https://example.test/page-1081","1","Example page 1081","1","A synthetic page 1081 for this sample report.","1","Example page 1081","1","false","","1",""
"1082","https://example.test/support/page-1082","/support/","200","text/html","indexable","","https://example.test/page-1082","1","Example page 1082","1","A synthetic page 1082 for this sample report.","1","Example page 1082","1","true","","2",""
"1083","https://example.test/guides/page-1083","/guides/","200","text/html","indexable","","https://example.test/page-1083","1","Example page 1083","1","A synthetic page 1083 for this sample report.","1","Example page 1083","1","false","","3",""
"1084","https://example.test/products/page-1084","/products/","200","text/html","indexable","","https://example.test/page-1084","1","Example page 1084","1","A synthetic page 1084 for this sample report.","1","Example page 1084","1","true","","4",""
"1085","https://example.test/support/page-1085","/support/","200","text/html","indexable","","https://example.test/page-1085","1","Example page 1085","1","","0","Example page 1085","1","false","","5",""
"1086","https://example.test/guides/page-1086","/guides/","200","text/html","indexable","","https://example.test/page-1086","1","Example page 1086","1","A synthetic page 1086 for this sample report.","1","Example page 1086","1","true","","6",""
"1087","https://example.test/products/page-1087","/products/","200","text/html","indexable","","https://example.test/page-1087","1","Example page 1087","1","A synthetic page 1087 for this sample report.","1","Example page 1087","1","false","","7",""
"1088","https://example.test/support/page-1088","/support/","200","text/html","indexable","","https://example.test/page-1088","1","Example page 1088","1","A synthetic page 1088 for this sample report.","1","Example page 1088","1","true","","8",""
"1089","https://example.test/guides/page-1089","/guides/","200","text/html","indexable","","https://example.test/page-1089","1","Example page 1089","1","A synthetic page 1089 for this sample report.","1","Example page 1089","1","false","","9",""
"1090","https://example.test/products/page-1090","/products/","200","text/html","indexable","","https://example.test/page-1090","1","Example page 1090","1","","0","Example page 1090","1","true","","10",""
"1091","https://example.test/support/page-1091","/support/","200","text/html","indexable","","https://example.test/page-1091","1","Example page 1091","1","A synthetic page 1091 for this sample report.","1","Example page 1091","1","false","","11",""
"1092","https://example.test/guides/page-1092","/guides/","200","text/html","indexable","","https://example.test/page-1092","1","Example page 1092","1","A synthetic page 1092 for this sample report.","1","Example page 1092","1","true","","12",""
"1093","https://example.test/products/page-1093","/products/","200","text/html","indexable","","https://example.test/page-1093","1","Example page 1093","1","A synthetic page 1093 for this sample report.","1","Example page 1093","1","false","","13",""
"1094","https://example.test/support/page-1094","/support/","200","text/html","indexable","","https://example.test/page-1094","1","Example page 1094","1","A synthetic page 1094 for this sample report.","1","Example page 1094","1","true","","14",""
"1095","https://example.test/guides/page-1095","/guides/","200","text/html","indexable","","https://example.test/page-1095","1","Example page 1095","1","","0","Example page 1095","1","false","","15",""
"1096","https://example.test/products/page-1096","/products/","200","text/html","indexable","","https://example.test/page-1096","1","Example page 1096","1","A synthetic page 1096 for this sample report.","1","Example page 1096","1","true","","16",""
"1097","https://example.test/support/page-1097","/support/","200","text/html","indexable","","https://example.test/page-1097","1","Example page 1097","1","A synthetic page 1097 for this sample report.","1","Example page 1097","1","false","","17",""
"1098","https://example.test/guides/page-1098","/guides/","200","text/html","indexable","","https://example.test/page-1098","1","Example page 1098","1","A synthetic page 1098 for this sample report.","1","Example page 1098","1","true","","18",""
"1099","https://example.test/products/page-1099","/products/","200","text/html","indexable","","https://example.test/page-1099","1","Example page 1099","1","A synthetic page 1099 for this sample report.","1","Example page 1099","1","false","","19",""
"1100","https://example.test/support/page-1100","/support/","200","text/html","non-indexable","Noindex","https://example.test/page-1100","1","Example page 1100","1","","0","Example page 1100","1","true","","20",""
"1101","https://example.test/guides/page-1101","/guides/","200","text/html","indexable","","https://example.test/page-1101","1","Example page 1101","1","A synthetic page 1101 for this sample report.","1","Example page 1101","1","false","","21",""
"1102","https://example.test/products/page-1102","/products/","200","text/html","indexable","","https://example.test/page-1102","1","Example page 1102","1","A synthetic page 1102 for this sample report.","1","Example page 1102","1","true","","22",""
"1103","https://example.test/support/page-1103","/support/","200","text/html","indexable","","https://example.test/page-1103","1","Example page 1103","1","A synthetic page 1103 for this sample report.","1","Example page 1103","1","false","","23",""
"1104","https://example.test/guides/page-1104","/guides/","200","text/html","indexable","","https://example.test/page-1104","1","Example page 1104","1","A synthetic page 1104 for this sample report.","1","Example page 1104","1","true","","24",""
"1105","https://example.test/products/page-1105","/products/","200","text/html","indexable","","https://example.test/page-1105","1","Example page 1105","1","","0","Example page 1105","1","false","","25",""
"1106","https://example.test/support/page-1106","/support/","200","text/html","indexable","","https://example.test/page-1106","1","Example page 1106","1","A synthetic page 1106 for this sample report.","1","Example page 1106","1","true","","26",""
"1107","https://example.test/guides/page-1107","/guides/","200","text/html","indexable","","https://example.test/page-1107","1","Example page 1107","1","A synthetic page 1107 for this sample report.","1","Example page 1107","1","false","","27",""
"1108","https://example.test/products/page-1108","/products/","200","text/html","indexable","","https://example.test/page-1108","1","Example page 1108","1","A synthetic page 1108 for this sample report.","1","Example page 1108","1","true","","28",""
"1109","https://example.test/support/page-1109","/support/","200","text/html","indexable","","https://example.test/page-1109","1","Example page 1109","1","A synthetic page 1109 for this sample report.","1","Example page 1109","1","false","","29",""
"1110","https://example.test/guides/page-1110","/guides/","200","text/html","indexable","","https://example.test/page-1110","1","Example page 1110","1","","0","Example page 1110","1","true","","30",""
"1111","https://example.test/products/page-1111","/products/","200","text/html","indexable","","https://example.test/page-1111","1","Example page 1111","1","A synthetic page 1111 for this sample report.","1","Example page 1111","1","false","","31",""
"1112","https://example.test/support/page-1112","/support/","200","text/html","indexable","","https://example.test/page-1112","1","Example page 1112","1","A synthetic page 1112 for this sample report.","1","Example page 1112","1","true","","32",""
"1113","https://example.test/guides/page-1113","/guides/","200","text/html","indexable","","https://example.test/page-1113","1","Example page 1113","1","A synthetic page 1113 for this sample report.","1","Example page 1113","1","false","","33",""
"1114","https://example.test/products/page-1114","/products/","200","text/html","indexable","","https://example.test/page-1114","1","Example page 1114","1","A synthetic page 1114 for this sample report.","1","Example page 1114","1","true","","34",""
"1115","https://example.test/support/page-1115","/support/","200","text/html","indexable","","https://example.test/page-1115","1","Example page 1115","1","","0","Example page 1115","1","false","","35",""
"1116","https://example.test/guides/page-1116","/guides/","200","text/html","indexable","","https://example.test/page-1116","1","Example page 1116","1","A synthetic page 1116 for this sample report.","1","Example page 1116","1","true","","36",""
"1117","https://example.test/products/page-1117","/products/","200","text/html","indexable","","https://example.test/page-1117","1","Example page 1117","1","A synthetic page 1117 for this sample report.","1","Example page 1117","1","false","","37",""
"1118","https://example.test/support/page-1118","/support/","200","text/html","indexable","","https://example.test/page-1118","1","Example page 1118","1","A synthetic page 1118 for this sample report.","1","Example page 1118","1","true","","38",""
"1119","https://example.test/guides/page-1119","/guides/","200","text/html","indexable","","https://example.test/page-1119","1","Example page 1119","1","A synthetic page 1119 for this sample report.","1","Example page 1119","1","false","","39",""
"1120","https://example.test/products/page-1120","/products/","200","text/html","indexable","","https://example.test/page-1120","1","Example page 1120","1","","0","Example page 1120","1","true","","0",""
"1121","https://example.test/support/page-1121","/support/","200","text/html","indexable","","https://example.test/page-1121","1","Example page 1121","1","A synthetic page 1121 for this sample report.","1","Example page 1121","1","false","","1",""
"1122","https://example.test/guides/page-1122","/guides/","200","text/html","indexable","","https://example.test/page-1122","1","Example page 1122","1","A synthetic page 1122 for this sample report.","1","Example page 1122","1","true","","2",""
"1123","https://example.test/products/page-1123","/products/","200","text/html","indexable","","https://example.test/page-1123","1","Example page 1123","1","A synthetic page 1123 for this sample report.","1","Example page 1123","1","false","","3",""
"1124","https://example.test/support/page-1124","/support/","200","text/html","indexable","","https://example.test/page-1124","1","Example page 1124","1","A synthetic page 1124 for this sample report.","1","Example page 1124","1","true","","4",""
"1125","https://example.test/guides/page-1125","/guides/","200","text/html","indexable","","https://example.test/page-1125","1","Example page 1125","1","","0","Example page 1125","1","false","","5",""
"1126","https://example.test/products/page-1126","/products/","200","text/html","indexable","","https://example.test/page-1126","1","Example page 1126","1","A synthetic page 1126 for this sample report.","1","Example page 1126","1","true","","6",""
"1127","https://example.test/support/page-1127","/support/","200","text/html","indexable","","https://example.test/page-1127","1","Example page 1127","1","A synthetic page 1127 for this sample report.","1","Example page 1127","1","false","","7",""
"1128","https://example.test/guides/page-1128","/guides/","200","text/html","indexable","","https://example.test/page-1128","1","Example page 1128","1","A synthetic page 1128 for this sample report.","1","Example page 1128","1","true","","8",""
"1129","https://example.test/products/page-1129","/products/","200","text/html","indexable","","https://example.test/page-1129","1","Example page 1129","1","A synthetic page 1129 for this sample report.","1","Example page 1129","1","false","","9",""
"1130","https://example.test/support/page-1130","/support/","200","text/html","non-indexable","Noindex","https://example.test/page-1130","1","Example page 1130","1","","0","Example page 1130","1","true","","10",""
"1131","https://example.test/guides/page-1131","/guides/","200","text/html","indexable","","https://example.test/page-1131","1","Example page 1131","1","A synthetic page 1131 for this sample report.","1","Example page 1131","1","false","","11",""
"1132","https://example.test/products/page-1132","/products/","200","text/html","indexable","","https://example.test/page-1132","1","Example page 1132","1","A synthetic page 1132 for this sample report.","1","Example page 1132","1","true","","12",""
"1133","https://example.test/support/page-1133","/support/","200","text/html","indexable","","https://example.test/page-1133","1","Example page 1133","1","A synthetic page 1133 for this sample report.","1","Example page 1133","1","false","","13",""
"1134","https://example.test/guides/page-1134","/guides/","200","text/html","indexable","","https://example.test/page-1134","1","Example page 1134","1","A synthetic page 1134 for this sample report.","1","Example page 1134","1","true","","14",""
"1135","https://example.test/products/page-1135","/products/","200","text/html","indexable","","https://example.test/page-1135","1","Example page 1135","1","","0","Example page 1135","1","false","","15",""
"1136","https://example.test/support/page-1136","/support/","200","text/html","indexable","","https://example.test/page-1136","1","Example page 1136","1","A synthetic page 1136 for this sample report.","1","Example page 1136","1","true","","16",""
"1137","https://example.test/guides/page-1137","/guides/","200","text/html","indexable","","https://example.test/page-1137","1","Example page 1137","1","A synthetic page 1137 for this sample report.","1","Example page 1137","1","false","","17",""
"1138","https://example.test/products/page-1138","/products/","200","text/html","indexable","","https://example.test/page-1138","1","Example page 1138","1","A synthetic page 1138 for this sample report.","1","Example page 1138","1","true","","18",""
"1139","https://example.test/support/page-1139","/support/","200","text/html","indexable","","https://example.test/page-1139","1","Example page 1139","1","A synthetic page 1139 for this sample report.","1","Example page 1139","1","false","","19",""
"1140","https://example.test/guides/page-1140","/guides/","200","text/html","indexable","","https://example.test/page-1140","1","Example page 1140","1","","0","Example page 1140","1","true","","20",""
"1141","https://example.test/products/page-1141","/products/","200","text/html","indexable","","https://example.test/page-1141","1","Example page 1141","1","A synthetic page 1141 for this sample report.","1","Example page 1141","1","false","","21",""
"1142","https://example.test/support/page-1142","/support/","200","text/html","indexable","","https://example.test/page-1142","1","Example page 1142","1","A synthetic page 1142 for this sample report.","1","Example page 1142","1","true","","22",""
"1143","https://example.test/guides/page-1143","/guides/","200","text/html","indexable","","https://example.test/page-1143","1","Example page 1143","1","A synthetic page 1143 for this sample report.","1","Example page 1143","1","false","","23",""
"1144","https://example.test/products/page-1144","/products/","200","text/html","indexable","","https://example.test/page-1144","1","Example page 1144","1","A synthetic page 1144 for this sample report.","1","Example page 1144","1","true","","24",""
"1145","https://example.test/support/page-1145","/support/","200","text/html","indexable","","https://example.test/page-1145","1","Example page 1145","1","","0","Example page 1145","1","false","","25",""
"1146","https://example.test/guides/page-1146","/guides/","200","text/html","indexable","","https://example.test/page-1146","1","Example page 1146","1","A synthetic page 1146 for this sample report.","1","Example page 1146","1","true","","26",""
"1147","https://example.test/products/page-1147","/products/","200","text/html","indexable","","https://example.test/page-1147","1","Example page 1147","1","A synthetic page 1147 for this sample report.","1","Example page 1147","1","false","","27",""
"1148","https://example.test/support/page-1148","/support/","200","text/html","indexable","","https://example.test/page-1148","1","Example page 1148","1","A synthetic page 1148 for this sample report.","1","Example page 1148","1","true","","28",""
"1149","https://example.test/guides/page-1149","/guides/","200","text/html","indexable","","https://example.test/page-1149","1","Example page 1149","1","A synthetic page 1149 for this sample report.","1","Example page 1149","1","false","","29",""
"1150","https://example.test/products/page-1150","/products/","200","text/html","indexable","","https://example.test/page-1150","1","Example page 1150","1","","0","Example page 1150","1","true","","30",""
"1151","https://example.test/support/page-1151","/support/","200","text/html","indexable","","https://example.test/page-1151","1","Example page 1151","1","A synthetic page 1151 for this sample report.","1","Example page 1151","1","false","","31",""
"1152","https://example.test/guides/page-1152","/guides/","200","text/html","indexable","","https://example.test/page-1152","1","Example page 1152","1","A synthetic page 1152 for this sample report.","1","Example page 1152","1","true","","32",""
"1153","https://example.test/products/page-1153","/products/","200","text/html","indexable","","https://example.test/page-1153","1","Example page 1153","1","A synthetic page 1153 for this sample report.","1","Example page 1153","1","false","","33",""
"1154","https://example.test/support/page-1154","/support/","200","text/html","indexable","","https://example.test/page-1154","1","Example page 1154","1","A synthetic page 1154 for this sample report.","1","Example page 1154","1","true","","34",""
"1155","https://example.test/guides/page-1155","/guides/","200","text/html","indexable","","https://example.test/page-1155","1","Example page 1155","1","","0","Example page 1155","1","false","","35",""
"1156","https://example.test/products/page-1156","/products/","200","text/html","indexable","","https://example.test/page-1156","1","Example page 1156","1","A synthetic page 1156 for this sample report.","1","Example page 1156","1","true","","36",""
"1157","https://example.test/support/page-1157","/support/","200","text/html","indexable","","https://example.test/page-1157","1","Example page 1157","1","A synthetic page 1157 for this sample report.","1","Example page 1157","1","false","","37",""
"1158","https://example.test/guides/page-1158","/guides/","200","text/html","indexable","","https://example.test/page-1158","1","Example page 1158","1","A synthetic page 1158 for this sample report.","1","Example page 1158","1","true","","38",""
"1159","https://example.test/products/page-1159","/products/","200","text/html","indexable","","https://example.test/page-1159","1","Example page 1159","1","A synthetic page 1159 for this sample report.","1","Example page 1159","1","false","","39",""
"1160","https://example.test/support/page-1160","/support/","200","text/html","non-indexable","Noindex","https://example.test/page-1160","1","Example page 1160","1","","0","Example page 1160","1","true","","0",""
"1161","https://example.test/guides/page-1161","/guides/","200","text/html","indexable","","https://example.test/page-1161","1","Example page 1161","1","A synthetic page 1161 for this sample report.","1","Example page 1161","1","false","","1",""
"1162","https://example.test/products/page-1162","/products/","200","text/html","indexable","","https://example.test/page-1162","1","Example page 1162","1","A synthetic page 1162 for this sample report.","1","Example page 1162","1","true","","2",""
"1163","https://example.test/support/page-1163","/support/","200","text/html","indexable","","https://example.test/page-1163","1","Example page 1163","1","A synthetic page 1163 for this sample report.","1","Example page 1163","1","false","","3",""
"1164","https://example.test/guides/page-1164","/guides/","200","text/html","indexable","","https://example.test/page-1164","1","Example page 1164","1","A synthetic page 1164 for this sample report.","1","Example page 1164","1","true","","4",""
"1165","https://example.test/products/page-1165","/products/","200","text/html","indexable","","https://example.test/page-1165","1","Example page 1165","1","","0","Example page 1165","1","false","","5",""
"1166","https://example.test/support/page-1166","/support/","200","text/html","indexable","","https://example.test/page-1166","1","Example page 1166","1","A synthetic page 1166 for this sample report.","1","Example page 1166","1","true","","6",""
"1167","https://example.test/guides/page-1167","/guides/","200","text/html","indexable","","https://example.test/page-1167","1","Example page 1167","1","A synthetic page 1167 for this sample report.","1","Example page 1167","1","false","","7",""
"1168","https://example.test/products/page-1168","/products/","200","text/html","indexable","","https://example.test/page-1168","1","Example page 1168","1","A synthetic page 1168 for this sample report.","1","Example page 1168","1","true","","8",""
"1169","https://example.test/support/page-1169","/support/","200","text/html","indexable","","https://example.test/page-1169","1","Example page 1169","1","A synthetic page 1169 for this sample report.","1","Example page 1169","1","false","","9",""
"1170","https://example.test/guides/page-1170","/guides/","200","text/html","indexable","","https://example.test/page-1170","1","Example page 1170","1","","0","Example page 1170","1","true","","10",""
"1171","https://example.test/products/page-1171","/products/","200","text/html","indexable","","https://example.test/page-1171","1","Example page 1171","1","A synthetic page 1171 for this sample report.","1","Example page 1171","1","false","","11",""
"1172","https://example.test/support/page-1172","/support/","200","text/html","indexable","","https://example.test/page-1172","1","Example page 1172","1","A synthetic page 1172 for this sample report.","1","Example page 1172","1","true","","12",""
"1173","https://example.test/guides/page-1173","/guides/","200","text/html","indexable","","https://example.test/page-1173","1","Example page 1173","1","A synthetic page 1173 for this sample report.","1","Example page 1173","1","false","","13",""
"1174","https://example.test/products/page-1174","/products/","200","text/html","indexable","","https://example.test/page-1174","1","Example page 1174","1","A synthetic page 1174 for this sample report.","1","Example page 1174","1","true","","14",""
"1175","https://example.test/support/page-1175","/support/","200","text/html","indexable","","https://example.test/page-1175","1","Example page 1175","1","","0","Example page 1175","1","false","","15",""
"1176","https://example.test/guides/page-1176","/guides/","200","text/html","indexable","","https://example.test/page-1176","1","Example page 1176","1","A synthetic page 1176 for this sample report.","1","Example page 1176","1","true","","16",""
"1177","https://example.test/products/page-1177","/products/","200","text/html","indexable","","https://example.test/page-1177","1","Example page 1177","1","A synthetic page 1177 for this sample report.","1","Example page 1177","1","false","","17",""
"1178","https://example.test/support/page-1178","/support/","200","text/html","indexable","","https://example.test/page-1178","1","Example page 1178","1","A synthetic page 1178 for this sample report.","1","Example page 1178","1","true","","18",""
"1179","https://example.test/guides/page-1179","/guides/","200","text/html","indexable","","https://example.test/page-1179","1","Example page 1179","1","A synthetic page 1179 for this sample report.","1","Example page 1179","1","false","","19",""
"1180","https://example.test/products/page-1180","/products/","200","text/html","indexable","","https://example.test/page-1180","1","Example page 1180","1","","0","Example page 1180","1","true","","20",""
"1181","https://example.test/support/page-1181","/support/","200","text/html","indexable","","https://example.test/page-1181","1","Example page 1181","1","A synthetic page 1181 for this sample report.","1","Example page 1181","1","false","","21",""
"1182","https://example.test/guides/page-1182","/guides/","200","text/html","indexable","","https://example.test/page-1182","1","Example page 1182","1","A synthetic page 1182 for this sample report.","1","Example page 1182","1","true","","22",""
"1183","https://example.test/products/page-1183","/products/","200","text/html","indexable","","https://example.test/page-1183","1","Example page 1183","1","A synthetic page 1183 for this sample report.","1","Example page 1183","1","false","","23",""
"1184","https://example.test/support/page-1184","/support/","200","text/html","indexable","","https://example.test/page-1184","1","Example page 1184","1","A synthetic page 1184 for this sample report.","1","Example page 1184","1","true","","24",""
"1185","https://example.test/guides/page-1185","/guides/","200","text/html","indexable","","https://example.test/page-1185","1","Example page 1185","1","","0","Example page 1185","1","false","","25",""
"1186","https://example.test/products/page-1186","/products/","200","text/html","indexable","","https://example.test/page-1186","1","Example page 1186","1","A synthetic page 1186 for this sample report.","1","Example page 1186","1","true","","26",""
"1187","https://example.test/support/page-1187","/support/","200","text/html","indexable","","https://example.test/page-1187","1","Example page 1187","1","A synthetic page 1187 for this sample report.","1","Example page 1187","1","false","","27",""
"1188","https://example.test/guides/page-1188","/guides/","200","text/html","indexable","","https://example.test/page-1188","1","Example page 1188","1","A synthetic page 1188 for this sample report.","1","Example page 1188","1","true","","28",""
"1189","https://example.test/products/page-1189","/products/","200","text/html","indexable","","https://example.test/page-1189","1","Example page 1189","1","A synthetic page 1189 for this sample report.","1","Example page 1189","1","false","","29",""
"1190","https://example.test/support/page-1190","/support/","200","text/html","non-indexable","Noindex","https://example.test/page-1190","1","Example page 1190","1","","0","Example page 1190","1","true","","30",""
"1191","https://example.test/guides/page-1191","/guides/","200","text/html","indexable","","https://example.test/page-1191","1","Example page 1191","1","A synthetic page 1191 for this sample report.","1","Example page 1191","1","false","","31",""
"1192","https://example.test/products/page-1192","/products/","200","text/html","indexable","","https://example.test/page-1192","1","Example page 1192","1","A synthetic page 1192 for this sample report.","1","Example page 1192","1","true","","32",""
"1193","https://example.test/support/page-1193","/support/","200","text/html","indexable","","https://example.test/page-1193","1","Example page 1193","1","A synthetic page 1193 for this sample report.","1","Example page 1193","1","false","","33",""
"1194","https://example.test/guides/page-1194","/guides/","200","text/html","indexable","","https://example.test/page-1194","1","Example page 1194","1","A synthetic page 1194 for this sample report.","1","Example page 1194","1","true","","34",""
"1195","https://example.test/products/page-1195","/products/","200","text/html","indexable","","https://example.test/page-1195","1","Example page 1195","1","","0","Example page 1195","1","false","","35",""
"1196","https://example.test/support/page-1196","/support/","200","text/html","indexable","","https://example.test/page-1196","1","Example page 1196","1","A synthetic page 1196 for this sample report.","1","Example page 1196","1","true","","36",""
"1197","https://example.test/guides/page-1197","/guides/","200","text/html","indexable","","https://example.test/page-1197","1","Example page 1197","1","A synthetic page 1197 for this sample report.","1","Example page 1197","1","false","","37",""
"1198","https://example.test/products/page-1198","/products/","200","text/html","indexable","","https://example.test/page-1198","1","Example page 1198","1","A synthetic page 1198 for this sample report.","1","Example page 1198","1","true","","38",""
"1199","https://example.test/support/page-1199","/support/","200","text/html","indexable","","https://example.test/page-1199","1","Example page 1199","1","A synthetic page 1199 for this sample report.","1","Example page 1199","1","false","","39",""
"1200","https://example.test/guides/page-1200","/guides/","200","text/html","indexable","","https://example.test/page-1200","1","Example page 1200","1","","0","Example page 1200","1","true","","0",""
"1201","https://example.test/products/page-1201","/products/","200","text/html","indexable","","https://example.test/page-1201","1","Example page 1201","1","A synthetic page 1201 for this sample report.","1","Example page 1201","1","false","","1",""
"1202","https://example.test/support/page-1202","/support/","200","text/html","indexable","","https://example.test/page-1202","1","Example page 1202","1","A synthetic page 1202 for this sample report.","1","Example page 1202","1","true","","2",""
"1203","https://example.test/guides/page-1203","/guides/","200","text/html","indexable","","https://example.test/page-1203","1","Example page 1203","1","A synthetic page 1203 for this sample report.","1","Example page 1203","1","false","","3",""
"1204","https://example.test/products/page-1204","/products/","200","text/html","indexable","","https://example.test/page-1204","1","Example page 1204","1","A synthetic page 1204 for this sample report.","1","Example page 1204","1","true","","4",""
"1205","https://example.test/support/page-1205","/support/","200","text/html","indexable","","https://example.test/page-1205","1","Example page 1205","1","","0","Example page 1205","1","false","","5",""
"1206","https://example.test/guides/page-1206","/guides/","200","text/html","indexable","","https://example.test/page-1206","1","Example page 1206","1","A synthetic page 1206 for this sample report.","1","Example page 1206","1","true","","6",""
"1207","https://example.test/products/page-1207","/products/","200","text/html","indexable","","https://example.test/page-1207","1","Example page 1207","1","A synthetic page 1207 for this sample report.","1","Example page 1207","1","false","","7",""
"1208","https://example.test/support/page-1208","/support/","200","text/html","indexable","","https://example.test/page-1208","1","Example page 1208","1","A synthetic page 1208 for this sample report.","1","Example page 1208","1","true","","8",""
"1209","https://example.test/guides/page-1209","/guides/","200","text/html","indexable","","https://example.test/page-1209","1","Example page 1209","1","A synthetic page 1209 for this sample report.","1","Example page 1209","1","false","","9",""
"1210","https://example.test/products/page-1210","/products/","200","text/html","indexable","","https://example.test/page-1210","1","Example page 1210","1","","0","Example page 1210","1","true","","10",""
"1211","https://example.test/support/page-1211","/support/","200","text/html","indexable","","https://example.test/page-1211","1","Example page 1211","1","A synthetic page 1211 for this sample report.","1","Example page 1211","1","false","","11",""
"1212","https://example.test/guides/page-1212","/guides/","200","text/html","indexable","","https://example.test/page-1212","1","Example page 1212","1","A synthetic page 1212 for this sample report.","1","Example page 1212","1","true","","12",""
"1213","https://example.test/products/page-1213","/products/","200","text/html","indexable","","https://example.test/page-1213","1","Example page 1213","1","A synthetic page 1213 for this sample report.","1","Example page 1213","1","false","","13",""
"1214","https://example.test/support/page-1214","/support/","200","text/html","indexable","","https://example.test/page-1214","1","Example page 1214","1","A synthetic page 1214 for this sample report.","1","Example page 1214","1","true","","14",""
"1215","https://example.test/guides/page-1215","/guides/","200","text/html","indexable","","https://example.test/page-1215","1","Example page 1215","1","","0","Example page 1215","1","false","","15",""
"1216","https://example.test/products/page-1216","/products/","200","text/html","indexable","","https://example.test/page-1216","1","Example page 1216","1","A synthetic page 1216 for this sample report.","1","Example page 1216","1","true","","16",""
"1217","https://example.test/support/page-1217","/support/","200","text/html","indexable","","https://example.test/page-1217","1","Example page 1217","1","A synthetic page 1217 for this sample report.","1","Example page 1217","1","false","","17",""
"1218","https://example.test/guides/page-1218","/guides/","200","text/html","indexable","","https://example.test/page-1218","1","Example page 1218","1","A synthetic page 1218 for this sample report.","1","Example page 1218","1","true","","18",""
"1219","https://example.test/products/page-1219","/products/","200","text/html","indexable","","https://example.test/page-1219","1","Example page 1219","1","A synthetic page 1219 for this sample report.","1","Example page 1219","1","false","","19",""
"1220","https://example.test/support/page-1220","/support/","200","text/html","non-indexable","Noindex","https://example.test/page-1220","1","Example page 1220","1","","0","Example page 1220","1","true","","20",""
"1221","https://example.test/guides/page-1221","/guides/","200","text/html","indexable","","https://example.test/page-1221","1","Example page 1221","1","A synthetic page 1221 for this sample report.","1","Example page 1221","1","false","","21",""
"1222","https://example.test/products/page-1222","/products/","200","text/html","indexable","","https://example.test/page-1222","1","Example page 1222","1","A synthetic page 1222 for this sample report.","1","Example page 1222","1","true","","22",""
"1223","https://example.test/support/page-1223","/support/","200","text/html","indexable","","https://example.test/page-1223","1","Example page 1223","1","A synthetic page 1223 for this sample report.","1","Example page 1223","1","false","","23",""
"1224","https://example.test/guides/page-1224","/guides/","200","text/html","indexable","","https://example.test/page-1224","1","Example page 1224","1","A synthetic page 1224 for this sample report.","1","Example page 1224","1","true","","24",""
"1225","https://example.test/products/page-1225","/products/","200","text/html","indexable","","https://example.test/page-1225","1","Example page 1225","1","","0","Example page 1225","1","false","","25",""
"1226","https://example.test/support/page-1226","/support/","200","text/html","indexable","","https://example.test/page-1226","1","Example page 1226","1","A synthetic page 1226 for this sample report.","1","Example page 1226","1","true","","26",""
"1227","https://example.test/guides/page-1227","/guides/","200","text/html","indexable","","https://example.test/page-1227","1","Example page 1227","1","A synthetic page 1227 for this sample report.","1","Example page 1227","1","false","","27",""
"1228","https://example.test/products/page-1228","/products/","200","text/html","indexable","","https://example.test/page-1228","1","Example page 1228","1","A synthetic page 1228 for this sample report.","1","Example page 1228","1","true","","28",""
"1229","https://example.test/support/page-1229","/support/","200","text/html","indexable","","https://example.test/page-1229","1","Example page 1229","1","A synthetic page 1229 for this sample report.","1","Example page 1229","1","false","","29",""
"1230","https://example.test/guides/page-1230","/guides/","200","text/html","indexable","","https://example.test/page-1230","1","Example page 1230","1","","0","Example page 1230","1","true","","30",""
"1231","https://example.test/products/page-1231","/products/","200","text/html","indexable","","https://example.test/page-1231","1","Example page 1231","1","A synthetic page 1231 for this sample report.","1","Example page 1231","1","false","","31",""
"1232","https://example.test/support/page-1232","/support/","200","text/html","indexable","","https://example.test/page-1232","1","Example page 1232","1","A synthetic page 1232 for this sample report.","1","Example page 1232","1","true","","32",""
"1233","https://example.test/guides/page-1233","/guides/","200","text/html","indexable","","https://example.test/page-1233","1","Example page 1233","1","A synthetic page 1233 for this sample report.","1","Example page 1233","1","false","","33",""
"1234","https://example.test/products/page-1234","/products/","200","text/html","indexable","","https://example.test/page-1234","1","Example page 1234","1","A synthetic page 1234 for this sample report.","1","Example page 1234","1","true","","34",""
"1235","https://example.test/support/page-1235","/support/","200","text/html","indexable","","https://example.test/page-1235","1","Example page 1235","1","","0","Example page 1235","1","false","","35",""
"1236","https://example.test/guides/page-1236","/guides/","200","text/html","indexable","","https://example.test/page-1236","1","Example page 1236","1","A synthetic page 1236 for this sample report.","1","Example page 1236","1","true","","36",""
"1237","https://example.test/products/page-1237","/products/","200","text/html","indexable","","https://example.test/page-1237","1","Example page 1237","1","A synthetic page 1237 for this sample report.","1","Example page 1237","1","false","","37",""
"1238","https://example.test/support/page-1238","/support/","200","text/html","indexable","","https://example.test/page-1238","1","Example page 1238","1","A synthetic page 1238 for this sample report.","1","Example page 1238","1","true","","38",""
"1239","https://example.test/guides/page-1239","/guides/","200","text/html","indexable","","https://example.test/page-1239","1","Example page 1239","1","A synthetic page 1239 for this sample report.","1","Example page 1239","1","false","","39",""
"1240","https://example.test/products/page-1240","/products/","200","text/html","indexable","","https://example.test/page-1240","1","Example page 1240","1","","0","Example page 1240","1","true","","0",""
"1241","https://example.test/support/page-1241","/support/","200","text/html","indexable","","https://example.test/page-1241","1","Example page 1241","1","A synthetic page 1241 for this sample report.","1","Example page 1241","1","false","","1",""
"1242","https://example.test/guides/page-1242","/guides/","200","text/html","indexable","","https://example.test/page-1242","1","Example page 1242","1","A synthetic page 1242 for this sample report.","1","Example page 1242","1","true","","2",""
"1243","https://example.test/products/page-1243","/products/","200","text/html","indexable","","https://example.test/page-1243","1","Example page 1243","1","A synthetic page 1243 for this sample report.","1","Example page 1243","1","false","","3",""
"1244","https://example.test/support/page-1244","/support/","200","text/html","indexable","","https://example.test/page-1244","1","Example page 1244","1","A synthetic page 1244 for this sample report.","1","Example page 1244","1","true","","4",""
"1245","https://example.test/guides/page-1245","/guides/","200","text/html","indexable","","https://example.test/page-1245","1","Example page 1245","1","","0","Example page 1245","1","false","","5",""
"1246","https://example.test/products/page-1246","/products/","200","text/html","indexable","","https://example.test/page-1246","1","Example page 1246","1","A synthetic page 1246 for this sample report.","1","Example page 1246","1","true","","6",""
"1247","https://example.test/support/page-1247","/support/","200","text/html","indexable","","https://example.test/page-1247","1","Example page 1247","1","A synthetic page 1247 for this sample report.","1","Example page 1247","1","false","","7",""
"1248","https://example.test/guides/page-1248","/guides/","200","text/html","indexable","","https://example.test/page-1248","1","Example page 1248","1","A synthetic page 1248 for this sample report.","1","Example page 1248","1","true","","8",""
"1249","https://example.test/products/page-1249","/products/","200","text/html","indexable","","https://example.test/page-1249","1","Example page 1249","1","A synthetic page 1249 for this sample report.","1","Example page 1249","1","false","","9",""
"1250","https://example.test/support/page-1250","/support/","200","text/html","non-indexable","Noindex","https://example.test/page-1250","1","Example page 1250","1","","0","Example page 1250","1","true","","10",""
"1251","https://example.test/guides/page-1251","/guides/","200","text/html","indexable","","https://example.test/page-1251","1","Example page 1251","1","A synthetic page 1251 for this sample report.","1","Example page 1251","1","false","","11",""
"1252","https://example.test/products/page-1252","/products/","200","text/html","indexable","","https://example.test/page-1252","1","Example page 1252","1","A synthetic page 1252 for this sample report.","1","Example page 1252","1","true","","12",""
"1253","https://example.test/support/page-1253","/support/","200","text/html","indexable","","https://example.test/page-1253","1","Example page 1253","1","A synthetic page 1253 for this sample report.","1","Example page 1253","1","false","","13",""
"1254","https://example.test/guides/page-1254","/guides/","200","text/html","indexable","","https://example.test/page-1254","1","Example page 1254","1","A synthetic page 1254 for this sample report.","1","Example page 1254","1","true","","14",""
"1255","https://example.test/products/page-1255","/products/","200","text/html","indexable","","https://example.test/page-1255","1","Example page 1255","1","","0","Example page 1255","1","false","","15",""
"1256","https://example.test/support/page-1256","/support/","200","text/html","indexable","","https://example.test/page-1256","1","Example page 1256","1","A synthetic page 1256 for this sample report.","1","Example page 1256","1","true","","16",""
"1257","https://example.test/guides/page-1257","/guides/","200","text/html","indexable","","https://example.test/page-1257","1","Example page 1257","1","A synthetic page 1257 for this sample report.","1","Example page 1257","1","false","","17",""
"1258","https://example.test/products/page-1258","/products/","200","text/html","indexable","","https://example.test/page-1258","1","Example page 1258","1","A synthetic page 1258 for this sample report.","1","Example page 1258","1","true","","18",""
"1259","https://example.test/support/page-1259","/support/","200","text/html","indexable","","https://example.test/page-1259","1","Example page 1259","1","A synthetic page 1259 for this sample report.","1","Example page 1259","1","false","","19",""
"1260","https://example.test/guides/page-1260","/guides/","200","text/html","indexable","","https://example.test/page-1260","1","Example page 1260","1","","0","Example page 1260","1","true","","20",""
"1261","https://example.test/products/page-1261","/products/","200","text/html","indexable","","https://example.test/page-1261","1","Example page 1261","1","A synthetic page 1261 for this sample report.","1","Example page 1261","1","false","","21",""
"1262","https://example.test/support/page-1262","/support/","200","text/html","indexable","","https://example.test/page-1262","1","Example page 1262","1","A synthetic page 1262 for this sample report.","1","Example page 1262","1","true","","22",""
"1263","https://example.test/guides/page-1263","/guides/","200","text/html","indexable","","https://example.test/page-1263","1","Example page 1263","1","A synthetic page 1263 for this sample report.","1","Example page 1263","1","false","","23",""
"1264","https://example.test/products/page-1264","/products/","200","text/html","indexable","","https://example.test/page-1264","1","Example page 1264","1","A synthetic page 1264 for this sample report.","1","Example page 1264","1","true","","24",""
"1265","https://example.test/support/page-1265","/support/","200","text/html","indexable","","https://example.test/page-1265","1","Example page 1265","1","","0","Example page 1265","1","false","","25",""
"1266","https://example.test/guides/page-1266","/guides/","200","text/html","indexable","","https://example.test/page-1266","1","Example page 1266","1","A synthetic page 1266 for this sample report.","1","Example page 1266","1","true","","26",""
"1267","https://example.test/products/page-1267","/products/","200","text/html","indexable","","https://example.test/page-1267","1","Example page 1267","1","A synthetic page 1267 for this sample report.","1","Example page 1267","1","false","","27",""
"1268","https://example.test/support/page-1268","/support/","200","text/html","indexable","","https://example.test/page-1268","1","Example page 1268","1","A synthetic page 1268 for this sample report.","1","Example page 1268","1","true","","28",""
"1269","https://example.test/guides/page-1269","/guides/","200","text/html","indexable","","https://example.test/page-1269","1","Example page 1269","1","A synthetic page 1269 for this sample report.","1","Example page 1269","1","false","","29",""
"1270","https://example.test/products/page-1270","/products/","200","text/html","indexable","","https://example.test/page-1270","1","Example page 1270","1","","0","Example page 1270","1","true","","30",""
"1271","https://example.test/support/page-1271","/support/","200","text/html","indexable","","https://example.test/page-1271","1","Example page 1271","1","A synthetic page 1271 for this sample report.","1","Example page 1271","1","false","","31",""
"1272","https://example.test/guides/page-1272","/guides/","200","text/html","indexable","","https://example.test/page-1272","1","Example page 1272","1","A synthetic page 1272 for this sample report.","1","Example page 1272","1","true","","32",""
"1273","https://example.test/products/page-1273","/products/","200","text/html","indexable","","https://example.test/page-1273","1","Example page 1273","1","A synthetic page 1273 for this sample report.","1","Example page 1273","1","false","","33",""
"1274","https://example.test/support/page-1274","/support/","200","text/html","indexable","","https://example.test/page-1274","1","Example page 1274","1","A synthetic page 1274 for this sample report.","1","Example page 1274","1","true","","34",""
"1275","https://example.test/guides/page-1275","/guides/","200","text/html","indexable","","https://example.test/page-1275","1","Example page 1275","1","","0","Example page 1275","1","false","","35",""
"1276","https://example.test/products/page-1276","/products/","200","text/html","indexable","","https://example.test/page-1276","1","Example page 1276","1","A synthetic page 1276 for this sample report.","1","Example page 1276","1","true","","36",""
"1277","https://example.test/support/page-1277","/support/","200","text/html","indexable","","https://example.test/page-1277","1","Example page 1277","1","A synthetic page 1277 for this sample report.","1","Example page 1277","1","false","","37",""
"1278","https://example.test/guides/page-1278","/guides/","200","text/html","indexable","","https://example.test/page-1278","1","Example page 1278","1","A synthetic page 1278 for this sample report.","1","Example page 1278","1","true","","38",""
"1279","https://example.test/products/page-1279","/products/","200","text/html","indexable","","https://example.test/page-1279","1","Example page 1279","1","A synthetic page 1279 for this sample report.","1","Example page 1279","1","false","","39",""
"1280","https://example.test/support/page-1280","/support/","200","text/html","non-indexable","Noindex","https://example.test/page-1280","1","Example page 1280","1","","0","Example page 1280","1","true","","0",""
"1281","https://example.test/guides/page-1281","/guides/","200","text/html","indexable","","https://example.test/page-1281","1","Example page 1281","1","A synthetic page 1281 for this sample report.","1","Example page 1281","1","false","","1",""
"1282","https://example.test/products/page-1282","/products/","200","text/html","indexable","","https://example.test/page-1282","1","Example page 1282","1","A synthetic page 1282 for this sample report.","1","Example page 1282","1","true","","2",""
"1283","https://example.test/support/page-1283","/support/","200","text/html","indexable","","https://example.test/page-1283","1","Example page 1283","1","A synthetic page 1283 for this sample report.","1","Example page 1283","1","false","","3",""
"1284","https://example.test/guides/page-1284","/guides/","200","text/html","indexable","","https://example.test/page-1284","1","Example page 1284","1","A synthetic page 1284 for this sample report.","1","Example page 1284","1","true","","4",""
"1285","https://example.test/products/page-1285","/products/","200","text/html","indexable","","https://example.test/page-1285","1","Example page 1285","1","","0","Example page 1285","1","false","","5",""
"1286","https://example.test/support/page-1286","/support/","200","text/html","indexable","","https://example.test/page-1286","1","Example page 1286","1","A synthetic page 1286 for this sample report.","1","Example page 1286","1","true","","6",""
"1287","https://example.test/guides/page-1287","/guides/","200","text/html","indexable","","https://example.test/page-1287","1","Example page 1287","1","A synthetic page 1287 for this sample report.","1","Example page 1287","1","false","","7",""
"1288","https://example.test/products/page-1288","/products/","200","text/html","indexable","","https://example.test/page-1288","1","Example page 1288","1","A synthetic page 1288 for this sample report.","1","Example page 1288","1","true","","8",""
"1289","https://example.test/support/page-1289","/support/","200","text/html","indexable","","https://example.test/page-1289","1","Example page 1289","1","A synthetic page 1289 for this sample report.","1","Example page 1289","1","false","","9",""
"1290","https://example.test/guides/page-1290","/guides/","200","text/html","indexable","","https://example.test/page-1290","1","Example page 1290","1","","0","Example page 1290","1","true","","10",""
"1291","https://example.test/products/page-1291","/products/","200","text/html","indexable","","https://example.test/page-1291","1","Example page 1291","1","A synthetic page 1291 for this sample report.","1","Example page 1291","1","false","","11",""
"1292","https://example.test/support/page-1292","/support/","200","text/html","indexable","","https://example.test/page-1292","1","Example page 1292","1","A synthetic page 1292 for this sample report.","1","Example page 1292","1","true","","12",""
"1293","https://example.test/guides/page-1293","/guides/","200","text/html","indexable","","https://example.test/page-1293","1","Example page 1293","1","A synthetic page 1293 for this sample report.","1","Example page 1293","1","false","","13",""
"1294","https://example.test/products/page-1294","/products/","200","text/html","indexable","","https://example.test/page-1294","1","Example page 1294","1","A synthetic page 1294 for this sample report.","1","Example page 1294","1","true","","14",""
"1295","https://example.test/support/page-1295","/support/","200","text/html","indexable","","https://example.test/page-1295","1","Example page 1295","1","","0","Example page 1295","1","false","","15",""
"1296","https://example.test/guides/page-1296","/guides/","200","text/html","indexable","","https://example.test/page-1296","1","Example page 1296","1","A synthetic page 1296 for this sample report.","1","Example page 1296","1","true","","16",""
"1297","https://example.test/products/page-1297","/products/","200","text/html","indexable","","https://example.test/page-1297","1","Example page 1297","1","A synthetic page 1297 for this sample report.","1","Example page 1297","1","false","","17",""
"1298","https://example.test/support/page-1298","/support/","200","text/html","indexable","","https://example.test/page-1298","1","Example page 1298","1","A synthetic page 1298 for this sample report.","1","Example page 1298","1","true","","18",""
"1299","https://example.test/guides/page-1299","/guides/","200","text/html","indexable","","https://example.test/page-1299","1","Example page 1299","1","A synthetic page 1299 for this sample report.","1","Example page 1299","1","false","","19",""
"1300","https://example.test/products/page-1300","/products/","200","text/html","indexable","","https://example.test/page-1300","1","Example page 1300","1","","0","Example page 1300","1","true","","20",""
"1301","https://example.test/support/page-1301","/support/","200","text/html","indexable","","https://example.test/page-1301","1","Example page 1301","1","A synthetic page 1301 for this sample report.","1","Example page 1301","1","false","","21",""
"1302","https://example.test/guides/page-1302","/guides/","200","text/html","indexable","","https://example.test/page-1302","1","Example page 1302","1","A synthetic page 1302 for this sample report.","1","Example page 1302","1","true","","22",""
"1303","https://example.test/products/page-1303","/products/","200","text/html","indexable","","https://example.test/page-1303","1","Example page 1303","1","A synthetic page 1303 for this sample report.","1","Example page 1303","1","false","","23",""
"1304","https://example.test/support/page-1304","/support/","200","text/html","indexable","","https://example.test/page-1304","1","Example page 1304","1","A synthetic page 1304 for this sample report.","1","Example page 1304","1","true","","24",""
"1305","https://example.test/guides/page-1305","/guides/","200","text/html","indexable","","https://example.test/page-1305","1","Example page 1305","1","","0","Example page 1305","1","false","","25",""
"1306","https://example.test/products/page-1306","/products/","200","text/html","indexable","","https://example.test/page-1306","1","Example page 1306","1","A synthetic page 1306 for this sample report.","1","Example page 1306","1","true","","26",""
"1307","https://example.test/support/page-1307","/support/","200","text/html","indexable","","https://example.test/page-1307","1","Example page 1307","1","A synthetic page 1307 for this sample report.","1","Example page 1307","1","false","","27",""
"1308","https://example.test/guides/page-1308","/guides/","200","text/html","indexable","","https://example.test/page-1308","1","Example page 1308","1","A synthetic page 1308 for this sample report.","1","Example page 1308","1","true","","28",""
"1309","https://example.test/products/page-1309","/products/","200","text/html","indexable","","https://example.test/page-1309","1","Example page 1309","1","A synthetic page 1309 for this sample report.","1","Example page 1309","1","false","","29",""
"1310","https://example.test/support/page-1310","/support/","200","text/html","non-indexable","Noindex","https://example.test/page-1310","1","Example page 1310","1","","0","Example page 1310","1","true","","30",""
"1311","https://example.test/guides/page-1311","/guides/","200","text/html","indexable","","https://example.test/page-1311","1","Example page 1311","1","A synthetic page 1311 for this sample report.","1","Example page 1311","1","false","","31",""
"1312","https://example.test/products/page-1312","/products/","200","text/html","indexable","","https://example.test/page-1312","1","Example page 1312","1","A synthetic page 1312 for this sample report.","1","Example page 1312","1","true","","32",""
"1313","https://example.test/support/page-1313","/support/","200","text/html","indexable","","https://example.test/page-1313","1","Example page 1313","1","A synthetic page 1313 for this sample report.","1","Example page 1313","1","false","","33",""
"1314","https://example.test/guides/page-1314","/guides/","200","text/html","indexable","","https://example.test/page-1314","1","Example page 1314","1","A synthetic page 1314 for this sample report.","1","Example page 1314","1","true","","34",""
"1315","https://example.test/products/page-1315","/products/","200","text/html","indexable","","https://example.test/page-1315","1","Example page 1315","1","","0","Example page 1315","1","false","","35",""
"1316","https://example.test/support/page-1316","/support/","200","text/html","indexable","","https://example.test/page-1316","1","Example page 1316","1","A synthetic page 1316 for this sample report.","1","Example page 1316","1","true","","36",""
"1317","https://example.test/guides/page-1317","/guides/","200","text/html","indexable","","https://example.test/page-1317","1","Example page 1317","1","A synthetic page 1317 for this sample report.","1","Example page 1317","1","false","","37",""
"1318","https://example.test/products/page-1318","/products/","200","text/html","indexable","","https://example.test/page-1318","1","Example page 1318","1","A synthetic page 1318 for this sample report.","1","Example page 1318","1","true","","38",""
"1319","https://example.test/support/page-1319","/support/","200","text/html","indexable","","https://example.test/page-1319","1","Example page 1319","1","A synthetic page 1319 for this sample report.","1","Example page 1319","1","false","","39",""
"1320","https://example.test/guides/page-1320","/guides/","200","text/html","indexable","","https://example.test/page-1320","1","Example page 1320","1","","0","Example page 1320","1","true","","0",""
"1321","https://example.test/products/page-1321","/products/","200","text/html","indexable","","https://example.test/page-1321","1","Example page 1321","1","A synthetic page 1321 for this sample report.","1","Example page 1321","1","false","","1",""
"1322","https://example.test/support/page-1322","/support/","200","text/html","indexable","","https://example.test/page-1322","1","Example page 1322","1","A synthetic page 1322 for this sample report.","1","Example page 1322","1","true","","2",""
"1323","https://example.test/guides/page-1323","/guides/","200","text/html","indexable","","https://example.test/page-1323","1","Example page 1323","1","A synthetic page 1323 for this sample report.","1","Example page 1323","1","false","","3",""
"1324","https://example.test/products/page-1324","/products/","200","text/html","indexable","","https://example.test/page-1324","1","Example page 1324","1","A synthetic page 1324 for this sample report.","1","Example page 1324","1","true","","4",""
"1325","https://example.test/support/page-1325","/support/","200","text/html","indexable","","https://example.test/page-1325","1","Example page 1325","1","","0","Example page 1325","1","false","","5",""
"1326","https://example.test/guides/page-1326","/guides/","200","text/html","indexable","","https://example.test/page-1326","1","Example page 1326","1","A synthetic page 1326 for this sample report.","1","Example page 1326","1","true","","6",""
"1327","https://example.test/products/page-1327","/products/","200","text/html","indexable","","https://example.test/page-1327","1","Example page 1327","1","A synthetic page 1327 for this sample report.","1","Example page 1327","1","false","","7",""
"1328","https://example.test/support/page-1328","/support/","200","text/html","indexable","","https://example.test/page-1328","1","Example page 1328","1","A synthetic page 1328 for this sample report.","1","Example page 1328","1","true","","8",""
"1329","https://example.test/guides/page-1329","/guides/","200","text/html","indexable","","https://example.test/page-1329","1","Example page 1329","1","A synthetic page 1329 for this sample report.","1","Example page 1329","1","false","","9",""
"1330","https://example.test/products/page-1330","/products/","200","text/html","indexable","","https://example.test/page-1330","1","Example page 1330","1","","0","Example page 1330","1","true","","10",""
"1331","https://example.test/support/page-1331","/support/","200","text/html","indexable","","https://example.test/page-1331","1","Example page 1331","1","A synthetic page 1331 for this sample report.","1","Example page 1331","1","false","","11",""
"1332","https://example.test/guides/page-1332","/guides/","200","text/html","indexable","","https://example.test/page-1332","1","Example page 1332","1","A synthetic page 1332 for this sample report.","1","Example page 1332","1","true","","12",""
"1333","https://example.test/products/page-1333","/products/","200","text/html","indexable","","https://example.test/page-1333","1","Example page 1333","1","A synthetic page 1333 for this sample report.","1","Example page 1333","1","false","","13",""
"1334","https://example.test/support/page-1334","/support/","200","text/html","indexable","","https://example.test/page-1334","1","Example page 1334","1","A synthetic page 1334 for this sample report.","1","Example page 1334","1","true","","14",""
"1335","https://example.test/guides/page-1335","/guides/","200","text/html","indexable","","https://example.test/page-1335","1","Example page 1335","1","","0","Example page 1335","1","false","","15",""
"1336","https://example.test/products/page-1336","/products/","200","text/html","indexable","","https://example.test/page-1336","1","Example page 1336","1","A synthetic page 1336 for this sample report.","1","Example page 1336","1","true","","16",""
"1337","https://example.test/support/page-1337","/support/","200","text/html","indexable","","https://example.test/page-1337","1","Example page 1337","1","A synthetic page 1337 for this sample report.","1","Example page 1337","1","false","","17",""
"1338","https://example.test/guides/page-1338","/guides/","200","text/html","indexable","","https://example.test/page-1338","1","Example page 1338","1","A synthetic page 1338 for this sample report.","1","Example page 1338","1","true","","18",""
"1339","https://example.test/products/page-1339","/products/","200","text/html","indexable","","https://example.test/page-1339","1","Example page 1339","1","A synthetic page 1339 for this sample report.","1","Example page 1339","1","false","","19",""
"1340","https://example.test/support/page-1340","/support/","200","text/html","non-indexable","Noindex","https://example.test/page-1340","1","Example page 1340","1","","0","Example page 1340","1","true","","20",""
"1341","https://example.test/guides/page-1341","/guides/","200","text/html","indexable","","https://example.test/page-1341","1","Example page 1341","1","A synthetic page 1341 for this sample report.","1","Example page 1341","1","false","","21",""
"1342","https://example.test/products/page-1342","/products/","200","text/html","indexable","","https://example.test/page-1342","1","Example page 1342","1","A synthetic page 1342 for this sample report.","1","Example page 1342","1","true","","22",""
"1343","https://example.test/support/page-1343","/support/","200","text/html","indexable","","https://example.test/page-1343","1","Example page 1343","1","A synthetic page 1343 for this sample report.","1","Example page 1343","1","false","","23",""
"1344","https://example.test/guides/page-1344","/guides/","200","text/html","indexable","","https://example.test/page-1344","1","Example page 1344","1","A synthetic page 1344 for this sample report.","1","Example page 1344","1","true","","24",""
"1345","https://example.test/products/page-1345","/products/","200","text/html","indexable","","https://example.test/page-1345","1","Example page 1345","1","","0","Example page 1345","1","false","","25",""
"1346","https://example.test/support/page-1346","/support/","200","text/html","indexable","","https://example.test/page-1346","1","Example page 1346","1","A synthetic page 1346 for this sample report.","1","Example page 1346","1","true","","26",""
"1347","https://example.test/guides/page-1347","/guides/","200","text/html","indexable","","https://example.test/page-1347","1","Example page 1347","1","A synthetic page 1347 for this sample report.","1","Example page 1347","1","false","","27",""
"1348","https://example.test/products/page-1348","/products/","200","text/html","indexable","","https://example.test/page-1348","1","Example page 1348","1","A synthetic page 1348 for this sample report.","1","Example page 1348","1","true","","28",""
"1349","https://example.test/support/page-1349","/support/","200","text/html","indexable","","https://example.test/page-1349","1","Example page 1349","1","A synthetic page 1349 for this sample report.","1","Example page 1349","1","false","","29",""
"1350","https://example.test/guides/page-1350","/guides/","200","text/html","indexable","","https://example.test/page-1350","1","Example page 1350","1","","0","Example page 1350","1","true","","30",""
"1351","https://example.test/products/page-1351","/products/","200","text/html","indexable","","https://example.test/page-1351","1","Example page 1351","1","A synthetic page 1351 for this sample report.","1","Example page 1351","1","false","","31",""
"1352","https://example.test/support/page-1352","/support/","200","text/html","indexable","","https://example.test/page-1352","1","Example page 1352","1","A synthetic page 1352 for this sample report.","1","Example page 1352","1","true","","32",""
"1353","https://example.test/guides/page-1353","/guides/","200","text/html","indexable","","https://example.test/page-1353","1","Example page 1353","1","A synthetic page 1353 for this sample report.","1","Example page 1353","1","false","","33",""
"1354","https://example.test/products/page-1354","/products/","200","text/html","indexable","","https://example.test/page-1354","1","Example page 1354","1","A synthetic page 1354 for this sample report.","1","Example page 1354","1","true","","34",""
"1355","https://example.test/support/page-1355","/support/","200","text/html","indexable","","https://example.test/page-1355","1","Example page 1355","1","","0","Example page 1355","1","false","","35",""
"1356","https://example.test/guides/page-1356","/guides/","200","text/html","indexable","","https://example.test/page-1356","1","Example page 1356","1","A synthetic page 1356 for this sample report.","1","Example page 1356","1","true","","36",""
"1357","https://example.test/products/page-1357","/products/","200","text/html","indexable","","https://example.test/page-1357","1","Example page 1357","1","A synthetic page 1357 for this sample report.","1","Example page 1357","1","false","","37",""
"1358","https://example.test/support/page-1358","/support/","200","text/html","indexable","","https://example.test/page-1358","1","Example page 1358","1","A synthetic page 1358 for this sample report.","1","Example page 1358","1","true","","38",""
"1359","https://example.test/guides/page-1359","/guides/","200","text/html","indexable","","https://example.test/page-1359","1","Example page 1359","1","A synthetic page 1359 for this sample report.","1","Example page 1359","1","false","","39",""
"1360","https://example.test/products/page-1360","/products/","200","text/html","indexable","","https://example.test/page-1360","1","Example page 1360","1","","0","Example page 1360","1","true","","0",""
"1361","https://example.test/support/page-1361","/support/","200","text/html","indexable","","https://example.test/page-1361","1","Example page 1361","1","A synthetic page 1361 for this sample report.","1","Example page 1361","1","false","","1",""
"1362","https://example.test/guides/page-1362","/guides/","200","text/html","indexable","","https://example.test/page-1362","1","Example page 1362","1","A synthetic page 1362 for this sample report.","1","Example page 1362","1","true","","2",""
"1363","https://example.test/products/page-1363","/products/","200","text/html","indexable","","https://example.test/page-1363","1","Example page 1363","1","A synthetic page 1363 for this sample report.","1","Example page 1363","1","false","","3",""
"1364","https://example.test/support/page-1364","/support/","200","text/html","indexable","","https://example.test/page-1364","1","Example page 1364","1","A synthetic page 1364 for this sample report.","1","Example page 1364","1","true","","4",""
"1365","https://example.test/guides/page-1365","/guides/","200","text/html","indexable","","https://example.test/page-1365","1","Example page 1365","1","","0","Example page 1365","1","false","","5",""
"1366","https://example.test/products/page-1366","/products/","200","text/html","indexable","","https://example.test/page-1366","1","Example page 1366","1","A synthetic page 1366 for this sample report.","1","Example page 1366","1","true","","6",""
"1367","https://example.test/support/page-1367","/support/","200","text/html","indexable","","https://example.test/page-1367","1","Example page 1367","1","A synthetic page 1367 for this sample report.","1","Example page 1367","1","false","","7",""
"1368","https://example.test/guides/page-1368","/guides/","200","text/html","indexable","","https://example.test/page-1368","1","Example page 1368","1","A synthetic page 1368 for this sample report.","1","Example page 1368","1","true","","8",""
"1369","https://example.test/products/page-1369","/products/","200","text/html","indexable","","https://example.test/page-1369","1","Example page 1369","1","A synthetic page 1369 for this sample report.","1","Example page 1369","1","false","","9",""
"1370","https://example.test/support/page-1370","/support/","200","text/html","non-indexable","Noindex","https://example.test/page-1370","1","Example page 1370","1","","0","Example page 1370","1","true","","10",""
"1371","https://example.test/guides/page-1371","/guides/","200","text/html","indexable","","https://example.test/page-1371","1","Example page 1371","1","A synthetic page 1371 for this sample report.","1","Example page 1371","1","false","","11",""
"1372","https://example.test/products/page-1372","/products/","200","text/html","indexable","","https://example.test/page-1372","1","Example page 1372","1","A synthetic page 1372 for this sample report.","1","Example page 1372","1","true","","12",""
"1373","https://example.test/support/page-1373","/support/","200","text/html","indexable","","https://example.test/page-1373","1","Example page 1373","1","A synthetic page 1373 for this sample report.","1","Example page 1373","1","false","","13",""
"1374","https://example.test/guides/page-1374","/guides/","200","text/html","indexable","","https://example.test/page-1374","1","Example page 1374","1","A synthetic page 1374 for this sample report.","1","Example page 1374","1","true","","14",""
"1375","https://example.test/products/page-1375","/products/","200","text/html","indexable","","https://example.test/page-1375","1","Example page 1375","1","","0","Example page 1375","1","false","","15",""
"1376","https://example.test/support/page-1376","/support/","200","text/html","indexable","","https://example.test/page-1376","1","Example page 1376","1","A synthetic page 1376 for this sample report.","1","Example page 1376","1","true","","16",""
"1377","https://example.test/guides/page-1377","/guides/","200","text/html","indexable","","https://example.test/page-1377","1","Example page 1377","1","A synthetic page 1377 for this sample report.","1","Example page 1377","1","false","","17",""
"1378","https://example.test/products/page-1378","/products/","200","text/html","indexable","","https://example.test/page-1378","1","Example page 1378","1","A synthetic page 1378 for this sample report.","1","Example page 1378","1","true","","18",""
"1379","https://example.test/support/page-1379","/support/","200","text/html","indexable","","https://example.test/page-1379","1","Example page 1379","1","A synthetic page 1379 for this sample report.","1","Example page 1379","1","false","","19",""
"1380","https://example.test/guides/page-1380","/guides/","200","text/html","indexable","","https://example.test/page-1380","1","Example page 1380","1","","0","Example page 1380","1","true","","20",""
"1381","https://example.test/products/page-1381","/products/","200","text/html","indexable","","https://example.test/page-1381","1","Example page 1381","1","A synthetic page 1381 for this sample report.","1","Example page 1381","1","false","","21",""
"1382","https://example.test/support/page-1382","/support/","200","text/html","indexable","","https://example.test/page-1382","1","Example page 1382","1","A synthetic page 1382 for this sample report.","1","Example page 1382","1","true","","22",""
"1383","https://example.test/guides/page-1383","/guides/","200","text/html","indexable","","https://example.test/page-1383","1","Example page 1383","1","A synthetic page 1383 for this sample report.","1","Example page 1383","1","false","","23",""
"1384","https://example.test/products/page-1384","/products/","200","text/html","indexable","","https://example.test/page-1384","1","Example page 1384","1","A synthetic page 1384 for this sample report.","1","Example page 1384","1","true","","24",""
"1385","https://example.test/support/page-1385","/support/","200","text/html","indexable","","https://example.test/page-1385","1","Example page 1385","1","","0","Example page 1385","1","false","","25",""
"1386","https://example.test/guides/page-1386","/guides/","200","text/html","indexable","","https://example.test/page-1386","1","Example page 1386","1","A synthetic page 1386 for this sample report.","1","Example page 1386","1","true","","26",""
"1387","https://example.test/products/page-1387","/products/","200","text/html","indexable","","https://example.test/page-1387","1","Example page 1387","1","A synthetic page 1387 for this sample report.","1","Example page 1387","1","false","","27",""
"1388","https://example.test/support/page-1388","/support/","200","text/html","indexable","","https://example.test/page-1388","1","Example page 1388","1","A synthetic page 1388 for this sample report.","1","Example page 1388","1","true","","28",""
"1389","https://example.test/guides/page-1389","/guides/","200","text/html","indexable","","https://example.test/page-1389","1","Example page 1389","1","A synthetic page 1389 for this sample report.","1","Example page 1389","1","false","","29",""
"1390","https://example.test/products/page-1390","/products/","200","text/html","indexable","","https://example.test/page-1390","1","Example page 1390","1","","0","Example page 1390","1","true","","30",""
"1391","https://example.test/support/page-1391","/support/","200","text/html","indexable","","https://example.test/page-1391","1","Example page 1391","1","A synthetic page 1391 for this sample report.","1","Example page 1391","1","false","","31",""
"1392","https://example.test/guides/page-1392","/guides/","200","text/html","indexable","","https://example.test/page-1392","1","Example page 1392","1","A synthetic page 1392 for this sample report.","1","Example page 1392","1","true","","32",""
"1393","https://example.test/products/page-1393","/products/","200","text/html","indexable","","https://example.test/page-1393","1","Example page 1393","1","A synthetic page 1393 for this sample report.","1","Example page 1393","1","false","","33",""
"1394","https://example.test/support/page-1394","/support/","200","text/html","indexable","","https://example.test/page-1394","1","Example page 1394","1","A synthetic page 1394 for this sample report.","1","Example page 1394","1","true","","34",""
"1395","https://example.test/guides/page-1395","/guides/","200","text/html","indexable","","https://example.test/page-1395","1","Example page 1395","1","","0","Example page 1395","1","false","","35",""
"1396","https://example.test/products/page-1396","/products/","200","text/html","indexable","","https://example.test/page-1396","1","Example page 1396","1","A synthetic page 1396 for this sample report.","1","Example page 1396","1","true","","36",""
"1397","https://example.test/support/page-1397","/support/","200","text/html","indexable","","https://example.test/page-1397","1","Example page 1397","1","A synthetic page 1397 for this sample report.","1","Example page 1397","1","false","","37",""
"1398","https://example.test/guides/page-1398","/guides/","200","text/html","indexable","","https://example.test/page-1398","1","Example page 1398","1","A synthetic page 1398 for this sample report.","1","Example page 1398","1","true","","38",""
"1399","https://example.test/products/page-1399","/products/","200","text/html","indexable","","https://example.test/page-1399","1","Example page 1399","1","A synthetic page 1399 for this sample report.","1","Example page 1399","1","false","","39",""
"1400","https://example.test/support/page-1400","/support/","200","text/html","non-indexable","Noindex","https://example.test/page-1400","1","Example page 1400","1","","0","Example page 1400","1","true","","0",""
"1401","https://example.test/guides/page-1401","/guides/","200","text/html","indexable","","https://example.test/page-1401","1","Example page 1401","1","A synthetic page 1401 for this sample report.","1","Example page 1401","1","false","","1",""
"1402","https://example.test/products/page-1402","/products/","200","text/html","indexable","","https://example.test/page-1402","1","Example page 1402","1","A synthetic page 1402 for this sample report.","1","Example page 1402","1","true","","2",""
"1403","https://example.test/support/page-1403","/support/","200","text/html","indexable","","https://example.test/page-1403","1","Example page 1403","1","A synthetic page 1403 for this sample report.","1","Example page 1403","1","false","","3",""
"1404","https://example.test/guides/page-1404","/guides/","200","text/html","indexable","","https://example.test/page-1404","1","Example page 1404","1","A synthetic page 1404 for this sample report.","1","Example page 1404","1","true","","4",""
"1405","https://example.test/products/page-1405","/products/","200","text/html","indexable","","https://example.test/page-1405","1","Example page 1405","1","","0","Example page 1405","1","false","","5",""
"1406","https://example.test/support/page-1406","/support/","200","text/html","indexable","","https://example.test/page-1406","1","Example page 1406","1","A synthetic page 1406 for this sample report.","1","Example page 1406","1","true","","6",""
"1407","https://example.test/guides/page-1407","/guides/","200","text/html","indexable","","https://example.test/page-1407","1","Example page 1407","1","A synthetic page 1407 for this sample report.","1","Example page 1407","1","false","","7",""
"1408","https://example.test/products/page-1408","/products/","200","text/html","indexable","","https://example.test/page-1408","1","Example page 1408","1","A synthetic page 1408 for this sample report.","1","Example page 1408","1","true","","8",""
"1409","https://example.test/support/page-1409","/support/","200","text/html","indexable","","https://example.test/page-1409","1","Example page 1409","1","A synthetic page 1409 for this sample report.","1","Example page 1409","1","false","","9",""
"1410","https://example.test/guides/page-1410","/guides/","200","text/html","indexable","","https://example.test/page-1410","1","Example page 1410","1","","0","Example page 1410","1","true","","10",""
"1411","https://example.test/products/page-1411","/products/","200","text/html","indexable","","https://example.test/page-1411","1","Example page 1411","1","A synthetic page 1411 for this sample report.","1","Example page 1411","1","false","","11",""
"1412","https://example.test/support/page-1412","/support/","200","text/html","indexable","","https://example.test/page-1412","1","Example page 1412","1","A synthetic page 1412 for this sample report.","1","Example page 1412","1","true","","12",""
"1413","https://example.test/guides/page-1413","/guides/","200","text/html","indexable","","https://example.test/page-1413","1","Example page 1413","1","A synthetic page 1413 for this sample report.","1","Example page 1413","1","false","","13",""
"1414","https://example.test/products/page-1414","/products/","200","text/html","indexable","","https://example.test/page-1414","1","Example page 1414","1","A synthetic page 1414 for this sample report.","1","Example page 1414","1","true","","14",""
"1415","https://example.test/support/page-1415","/support/","200","text/html","indexable","","https://example.test/page-1415","1","Example page 1415","1","","0","Example page 1415","1","false","","15",""
"1416","https://example.test/guides/page-1416","/guides/","200","text/html","indexable","","https://example.test/page-1416","1","Example page 1416","1","A synthetic page 1416 for this sample report.","1","Example page 1416","1","true","","16",""
"1417","https://example.test/products/page-1417","/products/","200","text/html","indexable","","https://example.test/page-1417","1","Example page 1417","1","A synthetic page 1417 for this sample report.","1","Example page 1417","1","false","","17",""
"1418","https://example.test/support/page-1418","/support/","200","text/html","indexable","","https://example.test/page-1418","1","Example page 1418","1","A synthetic page 1418 for this sample report.","1","Example page 1418","1","true","","18",""
"1419","https://example.test/guides/page-1419","/guides/","200","text/html","indexable","","https://example.test/page-1419","1","Example page 1419","1","A synthetic page 1419 for this sample report.","1","Example page 1419","1","false","","19",""
"1420","https://example.test/products/page-1420","/products/","200","text/html","indexable","","https://example.test/page-1420","1","Example page 1420","1","","0","Example page 1420","1","true","","20",""
"1421","https://example.test/support/page-1421","/support/","200","text/html","indexable","","https://example.test/page-1421","1","Example page 1421","1","A synthetic page 1421 for this sample report.","1","Example page 1421","1","false","","21",""
"1422","https://example.test/guides/page-1422","/guides/","200","text/html","indexable","","https://example.test/page-1422","1","Example page 1422","1","A synthetic page 1422 for this sample report.","1","Example page 1422","1","true","","22",""
"1423","https://example.test/products/page-1423","/products/","200","text/html","indexable","","https://example.test/page-1423","1","Example page 1423","1","A synthetic page 1423 for this sample report.","1","Example page 1423","1","false","","23",""
"1424","https://example.test/support/page-1424","/support/","200","text/html","indexable","","https://example.test/page-1424","1","Example page 1424","1","A synthetic page 1424 for this sample report.","1","Example page 1424","1","true","","24",""
"1425","https://example.test/guides/page-1425","/guides/","200","text/html","indexable","","https://example.test/page-1425","1","Example page 1425","1","","0","Example page 1425","1","false","","25",""
"1426","https://example.test/products/page-1426","/products/","200","text/html","indexable","","https://example.test/page-1426","1","Example page 1426","1","A synthetic page 1426 for this sample report.","1","Example page 1426","1","true","","26",""
"1427","https://example.test/support/page-1427","/support/","200","text/html","indexable","","https://example.test/page-1427","1","Example page 1427","1","A synthetic page 1427 for this sample report.","1","Example page 1427","1","false","","27",""
"1428","https://example.test/guides/page-1428","/guides/","200","text/html","indexable","","https://example.test/page-1428","1","Example page 1428","1","A synthetic page 1428 for this sample report.","1","Example page 1428","1","true","","28",""
"1429","https://example.test/products/page-1429","/products/","200","text/html","indexable","","https://example.test/page-1429","1","Example page 1429","1","A synthetic page 1429 for this sample report.","1","Example page 1429","1","false","","29",""
"1430","https://example.test/support/page-1430","/support/","200","text/html","non-indexable","Noindex","https://example.test/page-1430","1","Example page 1430","1","","0","Example page 1430","1","true","","30",""
"1431","https://example.test/guides/page-1431","/guides/","200","text/html","indexable","","https://example.test/page-1431","1","Example page 1431","1","A synthetic page 1431 for this sample report.","1","Example page 1431","1","false","","31",""
"1432","https://example.test/products/page-1432","/products/","200","text/html","indexable","","https://example.test/page-1432","1","Example page 1432","1","A synthetic page 1432 for this sample report.","1","Example page 1432","1","true","","32",""
"1433","https://example.test/support/page-1433","/support/","200","text/html","indexable","","https://example.test/page-1433","1","Example page 1433","1","A synthetic page 1433 for this sample report.","1","Example page 1433","1","false","","33",""
"1434","https://example.test/guides/page-1434","/guides/","200","text/html","indexable","","https://example.test/page-1434","1","Example page 1434","1","A synthetic page 1434 for this sample report.","1","Example page 1434","1","true","","34",""
"1435","https://example.test/products/page-1435","/products/","200","text/html","indexable","","https://example.test/page-1435","1","Example page 1435","1","","0","Example page 1435","1","false","","35",""
"1436","https://example.test/support/page-1436","/support/","200","text/html","indexable","","https://example.test/page-1436","1","Example page 1436","1","A synthetic page 1436 for this sample report.","1","Example page 1436","1","true","","36",""
"1437","https://example.test/guides/page-1437","/guides/","200","text/html","indexable","","https://example.test/page-1437","1","Example page 1437","1","A synthetic page 1437 for this sample report.","1","Example page 1437","1","false","","37",""
"1438","https://example.test/products/page-1438","/products/","200","text/html","indexable","","https://example.test/page-1438","1","Example page 1438","1","A synthetic page 1438 for this sample report.","1","Example page 1438","1","true","","38",""
"1439","https://example.test/support/page-1439","/support/","200","text/html","indexable","","https://example.test/page-1439","1","Example page 1439","1","A synthetic page 1439 for this sample report.","1","Example page 1439","1","false","","39",""
"1440","https://example.test/guides/page-1440","/guides/","200","text/html","indexable","","https://example.test/page-1440","1","Example page 1440","1","","0","Example page 1440","1","true","","0",""
"1441","https://example.test/products/page-1441","/products/","200","text/html","indexable","","https://example.test/page-1441","1","Example page 1441","1","A synthetic page 1441 for this sample report.","1","Example page 1441","1","false","","1",""
"1442","https://example.test/support/page-1442","/support/","200","text/html","indexable","","https://example.test/page-1442","1","Example page 1442","1","A synthetic page 1442 for this sample report.","1","Example page 1442","1","true","","2",""
"1443","https://example.test/guides/page-1443","/guides/","200","text/html","indexable","","https://example.test/page-1443","1","Example page 1443","1","A synthetic page 1443 for this sample report.","1","Example page 1443","1","false","","3",""
"1444","https://example.test/products/page-1444","/products/","200","text/html","indexable","","https://example.test/page-1444","1","Example page 1444","1","A synthetic page 1444 for this sample report.","1","Example page 1444","1","true","","4",""
"1445","https://example.test/support/page-1445","/support/","200","text/html","indexable","","https://example.test/page-1445","1","Example page 1445","1","","0","Example page 1445","1","false","","5",""
"1446","https://example.test/guides/page-1446","/guides/","200","text/html","indexable","","https://example.test/page-1446","1","Example page 1446","1","A synthetic page 1446 for this sample report.","1","Example page 1446","1","true","","6",""
"1447","https://example.test/products/page-1447","/products/","200","text/html","indexable","","https://example.test/page-1447","1","Example page 1447","1","A synthetic page 1447 for this sample report.","1","Example page 1447","1","false","","7",""
"1448","https://example.test/support/page-1448","/support/","200","text/html","indexable","","https://example.test/page-1448","1","Example page 1448","1","A synthetic page 1448 for this sample report.","1","Example page 1448","1","true","","8",""
"1449","https://example.test/guides/page-1449","/guides/","200","text/html","indexable","","https://example.test/page-1449","1","Example page 1449","1","A synthetic page 1449 for this sample report.","1","Example page 1449","1","false","","9",""
"1450","https://example.test/products/page-1450","/products/","200","text/html","indexable","","https://example.test/page-1450","1","Example page 1450","1","","0","Example page 1450","1","true","","10",""
"1451","https://example.test/support/page-1451","/support/","200","text/html","indexable","","https://example.test/page-1451","1","Example page 1451","1","A synthetic page 1451 for this sample report.","1","Example page 1451","1","false","","11",""
"1452","https://example.test/guides/page-1452","/guides/","200","text/html","indexable","","https://example.test/page-1452","1","Example page 1452","1","A synthetic page 1452 for this sample report.","1","Example page 1452","1","true","","12",""
"1453","https://example.test/products/page-1453","/products/","200","text/html","indexable","","https://example.test/page-1453","1","Example page 1453","1","A synthetic page 1453 for this sample report.","1","Example page 1453","1","false","","13",""
"1454","https://example.test/support/page-1454","/support/","200","text/html","indexable","","https://example.test/page-1454","1","Example page 1454","1","A synthetic page 1454 for this sample report.","1","Example page 1454","1","true","","14",""
"1455","https://example.test/guides/page-1455","/guides/","200","text/html","indexable","","https://example.test/page-1455","1","Example page 1455","1","","0","Example page 1455","1","false","","15",""
"1456","https://example.test/products/page-1456","/products/","200","text/html","indexable","","https://example.test/page-1456","1","Example page 1456","1","A synthetic page 1456 for this sample report.","1","Example page 1456","1","true","","16",""
"1457","https://example.test/support/page-1457","/support/","200","text/html","indexable","","https://example.test/page-1457","1","Example page 1457","1","A synthetic page 1457 for this sample report.","1","Example page 1457","1","false","","17",""
"1458","https://example.test/guides/page-1458","/guides/","200","text/html","indexable","","https://example.test/page-1458","1","Example page 1458","1","A synthetic page 1458 for this sample report.","1","Example page 1458","1","true","","18",""
"1459","https://example.test/products/page-1459","/products/","200","text/html","indexable","","https://example.test/page-1459","1","Example page 1459","1","A synthetic page 1459 for this sample report.","1","Example page 1459","1","false","","19",""
"1460","https://example.test/support/page-1460","/support/","200","text/html","non-indexable","Noindex","https://example.test/page-1460","1","Example page 1460","1","","0","Example page 1460","1","true","","20",""
"1461","https://example.test/guides/page-1461","/guides/","200","text/html","indexable","","https://example.test/page-1461","1","Example page 1461","1","A synthetic page 1461 for this sample report.","1","Example page 1461","1","false","","21",""
"1462","https://example.test/products/page-1462","/products/","200","text/html","indexable","","https://example.test/page-1462","1","Example page 1462","1","A synthetic page 1462 for this sample report.","1","Example page 1462","1","true","","22",""
"1463","https://example.test/support/page-1463","/support/","200","text/html","indexable","","https://example.test/page-1463","1","Example page 1463","1","A synthetic page 1463 for this sample report.","1","Example page 1463","1","false","","23",""
"1464","https://example.test/guides/page-1464","/guides/","200","text/html","indexable","","https://example.test/page-1464","1","Example page 1464","1","A synthetic page 1464 for this sample report.","1","Example page 1464","1","true","","24",""
"1465","https://example.test/products/page-1465","/products/","200","text/html","indexable","","https://example.test/page-1465","1","Example page 1465","1","","0","Example page 1465","1","false","","25",""
"1466","https://example.test/support/page-1466","/support/","200","text/html","indexable","","https://example.test/page-1466","1","Example page 1466","1","A synthetic page 1466 for this sample report.","1","Example page 1466","1","true","","26",""
"1467","https://example.test/guides/page-1467","/guides/","200","text/html","indexable","","https://example.test/page-1467","1","Example page 1467","1","A synthetic page 1467 for this sample report.","1","Example page 1467","1","false","","27",""
"1468","https://example.test/products/page-1468","/products/","200","text/html","indexable","","https://example.test/page-1468","1","Example page 1468","1","A synthetic page 1468 for this sample report.","1","Example page 1468","1","true","","28",""
"1469","https://example.test/support/page-1469","/support/","200","text/html","indexable","","https://example.test/page-1469","1","Example page 1469","1","A synthetic page 1469 for this sample report.","1","Example page 1469","1","false","","29",""
"1470","https://example.test/guides/page-1470","/guides/","200","text/html","indexable","","https://example.test/page-1470","1","Example page 1470","1","","0","Example page 1470","1","true","","30",""
"1471","https://example.test/products/page-1471","/products/","200","text/html","indexable","","https://example.test/page-1471","1","Example page 1471","1","A synthetic page 1471 for this sample report.","1","Example page 1471","1","false","","31",""
"1472","https://example.test/support/page-1472","/support/","200","text/html","indexable","","https://example.test/page-1472","1","Example page 1472","1","A synthetic page 1472 for this sample report.","1","Example page 1472","1","true","","32",""
"1473","https://example.test/guides/page-1473","/guides/","200","text/html","indexable","","https://example.test/page-1473","1","Example page 1473","1","A synthetic page 1473 for this sample report.","1","Example page 1473","1","false","","33",""
"1474","https://example.test/products/page-1474","/products/","200","text/html","indexable","","https://example.test/page-1474","1","Example page 1474","1","A synthetic page 1474 for this sample report.","1","Example page 1474","1","true","","34",""
"1475","https://example.test/support/page-1475","/support/","200","text/html","indexable","","https://example.test/page-1475","1","Example page 1475","1","","0","Example page 1475","1","false","","35",""
"1476","https://example.test/guides/page-1476","/guides/","200","text/html","indexable","","https://example.test/page-1476","1","Example page 1476","1","A synthetic page 1476 for this sample report.","1","Example page 1476","1","true","","36",""
"1477","https://example.test/products/page-1477","/products/","200","text/html","indexable","","https://example.test/page-1477","1","Example page 1477","1","A synthetic page 1477 for this sample report.","1","Example page 1477","1","false","","37",""
"1478","https://example.test/support/page-1478","/support/","200","text/html","indexable","","https://example.test/page-1478","1","Example page 1478","1","A synthetic page 1478 for this sample report.","1","Example page 1478","1","true","","38",""
"1479","https://example.test/guides/page-1479","/guides/","200","text/html","indexable","","https://example.test/page-1479","1","Example page 1479","1","A synthetic page 1479 for this sample report.","1","Example page 1479","1","false","","39",""
"1480","https://example.test/products/page-1480","/products/","200","text/html","indexable","","https://example.test/page-1480","1","Example page 1480","1","","0","Example page 1480","1","true","","0",""
"1481","https://example.test/support/page-1481","/support/","200","text/html","indexable","","https://example.test/page-1481","1","Example page 1481","1","A synthetic page 1481 for this sample report.","1","Example page 1481","1","false","","1",""
"1482","https://example.test/guides/page-1482","/guides/","200","text/html","indexable","","https://example.test/page-1482","1","Example page 1482","1","A synthetic page 1482 for this sample report.","1","Example page 1482","1","true","","2",""
"1483","https://example.test/products/page-1483","/products/","200","text/html","indexable","","https://example.test/page-1483","1","Example page 1483","1","A synthetic page 1483 for this sample report.","1","Example page 1483","1","false","","3",""
"1484","https://example.test/support/page-1484","/support/","200","text/html","indexable","","https://example.test/page-1484","1","Example page 1484","1","A synthetic page 1484 for this sample report.","1","Example page 1484","1","true","","4",""
"1485","https://example.test/guides/page-1485","/guides/","200","text/html","indexable","","https://example.test/page-1485","1","Example page 1485","1","","0","Example page 1485","1","false","","5",""
"1486","https://example.test/products/page-1486","/products/","200","text/html","indexable","","https://example.test/page-1486","1","Example page 1486","1","A synthetic page 1486 for this sample report.","1","Example page 1486","1","true","","6",""
"1487","https://example.test/support/page-1487","/support/","200","text/html","indexable","","https://example.test/page-1487","1","Example page 1487","1","A synthetic page 1487 for this sample report.","1","Example page 1487","1","false","","7",""
"1488","https://example.test/guides/page-1488","/guides/","200","text/html","indexable","","https://example.test/page-1488","1","Example page 1488","1","A synthetic page 1488 for this sample report.","1","Example page 1488","1","true","","8",""
"1489","https://example.test/products/page-1489","/products/","200","text/html","indexable","","https://example.test/page-1489","1","Example page 1489","1","A synthetic page 1489 for this sample report.","1","Example page 1489","1","false","","9",""
"1490","https://example.test/support/page-1490","/support/","200","text/html","non-indexable","Noindex","https://example.test/page-1490","1","Example page 1490","1","","0","Example page 1490","1","true","","10",""
"1491","https://example.test/guides/page-1491","/guides/","200","text/html","indexable","","https://example.test/page-1491","1","Example page 1491","1","A synthetic page 1491 for this sample report.","1","Example page 1491","1","false","","11",""
"1492","https://example.test/products/page-1492","/products/","200","text/html","indexable","","https://example.test/page-1492","1","Example page 1492","1","A synthetic page 1492 for this sample report.","1","Example page 1492","1","true","","12",""
"1493","https://example.test/support/page-1493","/support/","200","text/html","indexable","","https://example.test/page-1493","1","Example page 1493","1","A synthetic page 1493 for this sample report.","1","Example page 1493","1","false","","13",""
"1494","https://example.test/guides/page-1494","/guides/","200","text/html","indexable","","https://example.test/page-1494","1","Example page 1494","1","A synthetic page 1494 for this sample report.","1","Example page 1494","1","true","","14",""
"1495","https://example.test/products/page-1495","/products/","200","text/html","indexable","","https://example.test/page-1495","1","Example page 1495","1","","0","Example page 1495","1","false","","15",""
"1496","https://example.test/support/page-1496","/support/","200","text/html","indexable","","https://example.test/page-1496","1","Example page 1496","1","A synthetic page 1496 for this sample report.","1","Example page 1496","1","true","","16",""
"1497","https://example.test/guides/page-1497","/guides/","200","text/html","indexable","","https://example.test/page-1497","1","Example page 1497","1","A synthetic page 1497 for this sample report.","1","Example page 1497","1","false","","17",""
"1498","https://example.test/products/page-1498","/products/","200","text/html","indexable","","https://example.test/page-1498","1","Example page 1498","1","A synthetic page 1498 for this sample report.","1","Example page 1498","1","true","","18",""
"1499","https://example.test/support/page-1499","/support/","200","text/html","indexable","","https://example.test/page-1499","1","Example page 1499","1","A synthetic page 1499 for this sample report.","1","Example page 1499","1","false","","19",""
"1500","https://example.test/guides/page-1500","/guides/","200","text/html","indexable","","https://example.test/page-1500","1","Example page 1500","1","","0","Example page 1500","1","true","","20",""
"1501","https://example.test/products/page-1501","/products/","200","text/html","indexable","","https://example.test/page-1501","1","Example page 1501","1","A synthetic page 1501 for this sample report.","1","Example page 1501","1","false","","21",""
"1502","https://example.test/support/page-1502","/support/","200","text/html","indexable","","https://example.test/page-1502","1","Example page 1502","1","A synthetic page 1502 for this sample report.","1","Example page 1502","1","true","","22",""
"1503","https://example.test/guides/page-1503","/guides/","200","text/html","indexable","","https://example.test/page-1503","1","Example page 1503","1","A synthetic page 1503 for this sample report.","1","Example page 1503","1","false","","23",""
"1504","https://example.test/products/page-1504","/products/","200","text/html","indexable","","https://example.test/page-1504","1","Example page 1504","1","A synthetic page 1504 for this sample report.","1","Example page 1504","1","true","","24",""
"1505","https://example.test/support/page-1505","/support/","200","text/html","indexable","","https://example.test/page-1505","1","Example page 1505","1","","0","Example page 1505","1","false","","25",""
"1506","https://example.test/guides/page-1506","/guides/","200","text/html","indexable","","https://example.test/page-1506","1","Example page 1506","1","A synthetic page 1506 for this sample report.","1","Example page 1506","1","true","","26",""
"1507","https://example.test/products/page-1507","/products/","200","text/html","indexable","","https://example.test/page-1507","1","Example page 1507","1","A synthetic page 1507 for this sample report.","1","Example page 1507","1","false","","27",""
"1508","https://example.test/support/page-1508","/support/","200","text/html","indexable","","https://example.test/page-1508","1","Example page 1508","1","A synthetic page 1508 for this sample report.","1","Example page 1508","1","true","","28",""
"1509","https://example.test/guides/page-1509","/guides/","200","text/html","indexable","","https://example.test/page-1509","1","Example page 1509","1","A synthetic page 1509 for this sample report.","1","Example page 1509","1","false","","29",""
"1510","https://example.test/products/page-1510","/products/","200","text/html","indexable","","https://example.test/page-1510","1","Example page 1510","1","","0","Example page 1510","1","true","","30",""
"1511","https://example.test/support/page-1511","/support/","200","text/html","indexable","","https://example.test/page-1511","1","Example page 1511","1","A synthetic page 1511 for this sample report.","1","Example page 1511","1","false","","31",""
"1512","https://example.test/guides/page-1512","/guides/","200","text/html","indexable","","https://example.test/page-1512","1","Example page 1512","1","A synthetic page 1512 for this sample report.","1","Example page 1512","1","true","","32",""
"1513","https://example.test/products/page-1513","/products/","200","text/html","indexable","","https://example.test/page-1513","1","Example page 1513","1","A synthetic page 1513 for this sample report.","1","Example page 1513","1","false","","33",""
"1514","https://example.test/support/page-1514","/support/","200","text/html","indexable","","https://example.test/page-1514","1","Example page 1514","1","A synthetic page 1514 for this sample report.","1","Example page 1514","1","true","","34",""
"1515","https://example.test/guides/page-1515","/guides/","200","text/html","indexable","","https://example.test/page-1515","1","Example page 1515","1","","0","Example page 1515","1","false","","35",""
"1516","https://example.test/products/page-1516","/products/","200","text/html","indexable","","https://example.test/page-1516","1","Example page 1516","1","A synthetic page 1516 for this sample report.","1","Example page 1516","1","true","","36",""
"1517","https://example.test/support/page-1517","/support/","200","text/html","indexable","","https://example.test/page-1517","1","Example page 1517","1","A synthetic page 1517 for this sample report.","1","Example page 1517","1","false","","37",""
"1518","https://example.test/guides/page-1518","/guides/","200","text/html","indexable","","https://example.test/page-1518","1","Example page 1518","1","A synthetic page 1518 for this sample report.","1","Example page 1518","1","true","","38",""
"1519","https://example.test/products/page-1519","/products/","200","text/html","indexable","","https://example.test/page-1519","1","Example page 1519","1","A synthetic page 1519 for this sample report.","1","Example page 1519","1","false","","39",""
"1520","https://example.test/support/page-1520","/support/","200","text/html","non-indexable","Noindex","https://example.test/page-1520","1","Example page 1520","1","","0","Example page 1520","1","true","","0",""
"1521","https://example.test/guides/page-1521","/guides/","200","text/html","indexable","","https://example.test/page-1521","1","Example page 1521","1","A synthetic page 1521 for this sample report.","1","Example page 1521","1","false","","1",""
"1522","https://example.test/products/page-1522","/products/","200","text/html","indexable","","https://example.test/page-1522","1","Example page 1522","1","A synthetic page 1522 for this sample report.","1","Example page 1522","1","true","","2",""
"1523","https://example.test/support/page-1523","/support/","200","text/html","indexable","","https://example.test/page-1523","1","Example page 1523","1","A synthetic page 1523 for this sample report.","1","Example page 1523","1","false","","3",""
"1524","https://example.test/guides/page-1524","/guides/","200","text/html","indexable","","https://example.test/page-1524","1","Example page 1524","1","A synthetic page 1524 for this sample report.","1","Example page 1524","1","true","","4",""
"1525","https://example.test/products/page-1525","/products/","200","text/html","indexable","","https://example.test/page-1525","1","Example page 1525","1","","0","Example page 1525","1","false","","5",""
"1526","https://example.test/support/page-1526","/support/","200","text/html","indexable","","https://example.test/page-1526","1","Example page 1526","1","A synthetic page 1526 for this sample report.","1","Example page 1526","1","true","","6",""
"1527","https://example.test/guides/page-1527","/guides/","200","text/html","indexable","","https://example.test/page-1527","1","Example page 1527","1","A synthetic page 1527 for this sample report.","1","Example page 1527","1","false","","7",""
"1528","https://example.test/products/page-1528","/products/","200","text/html","indexable","","https://example.test/page-1528","1","Example page 1528","1","A synthetic page 1528 for this sample report.","1","Example page 1528","1","true","","8",""
"1529","https://example.test/support/page-1529","/support/","200","text/html","indexable","","https://example.test/page-1529","1","Example page 1529","1","A synthetic page 1529 for this sample report.","1","Example page 1529","1","false","","9",""
"1530","https://example.test/guides/page-1530","/guides/","200","text/html","indexable","","https://example.test/page-1530","1","Example page 1530","1","","0","Example page 1530","1","true","","10",""
"1531","https://example.test/products/page-1531","/products/","200","text/html","indexable","","https://example.test/page-1531","1","Example page 1531","1","A synthetic page 1531 for this sample report.","1","Example page 1531","1","false","","11",""
"1532","https://example.test/support/page-1532","/support/","200","text/html","indexable","","https://example.test/page-1532","1","Example page 1532","1","A synthetic page 1532 for this sample report.","1","Example page 1532","1","true","","12",""
"1533","https://example.test/guides/page-1533","/guides/","200","text/html","indexable","","https://example.test/page-1533","1","Example page 1533","1","A synthetic page 1533 for this sample report.","1","Example page 1533","1","false","","13",""
"1534","https://example.test/products/page-1534","/products/","200","text/html","indexable","","https://example.test/page-1534","1","Example page 1534","1","A synthetic page 1534 for this sample report.","1","Example page 1534","1","true","","14",""
"1535","https://example.test/support/page-1535","/support/","200","text/html","indexable","","https://example.test/page-1535","1","Example page 1535","1","","0","Example page 1535","1","false","","15",""
"1536","https://example.test/guides/page-1536","/guides/","200","text/html","indexable","","https://example.test/page-1536","1","Example page 1536","1","A synthetic page 1536 for this sample report.","1","Example page 1536","1","true","","16",""
"1537","https://example.test/products/page-1537","/products/","200","text/html","indexable","","https://example.test/page-1537","1","Example page 1537","1","A synthetic page 1537 for this sample report.","1","Example page 1537","1","false","","17",""
"1538","https://example.test/support/page-1538","/support/","200","text/html","indexable","","https://example.test/page-1538","1","Example page 1538","1","A synthetic page 1538 for this sample report.","1","Example page 1538","1","true","","18",""
"1539","https://example.test/guides/page-1539","/guides/","200","text/html","indexable","","https://example.test/page-1539","1","Example page 1539","1","A synthetic page 1539 for this sample report.","1","Example page 1539","1","false","","19",""
"1540","https://example.test/products/page-1540","/products/","200","text/html","indexable","","https://example.test/page-1540","1","Example page 1540","1","","0","Example page 1540","1","true","","20",""
"1541","https://example.test/support/page-1541","/support/","200","text/html","indexable","","https://example.test/page-1541","1","Example page 1541","1","A synthetic page 1541 for this sample report.","1","Example page 1541","1","false","","21",""
"1542","https://example.test/guides/page-1542","/guides/","200","text/html","indexable","","https://example.test/page-1542","1","Example page 1542","1","A synthetic page 1542 for this sample report.","1","Example page 1542","1","true","","22",""
"1543","https://example.test/products/page-1543","/products/","200","text/html","indexable","","https://example.test/page-1543","1","Example page 1543","1","A synthetic page 1543 for this sample report.","1","Example page 1543","1","false","","23",""
"1544","https://example.test/support/page-1544","/support/","200","text/html","indexable","","https://example.test/page-1544","1","Example page 1544","1","A synthetic page 1544 for this sample report.","1","Example page 1544","1","true","","24",""
"1545","https://example.test/guides/page-1545","/guides/","200","text/html","indexable","","https://example.test/page-1545","1","Example page 1545","1","","0","Example page 1545","1","false","","25",""
"1546","https://example.test/products/page-1546","/products/","200","text/html","indexable","","https://example.test/page-1546","1","Example page 1546","1","A synthetic page 1546 for this sample report.","1","Example page 1546","1","true","","26",""
"1547","https://example.test/support/page-1547","/support/","200","text/html","indexable","","https://example.test/page-1547","1","Example page 1547","1","A synthetic page 1547 for this sample report.","1","Example page 1547","1","false","","27",""
"1548","https://example.test/guides/page-1548","/guides/","200","text/html","indexable","","https://example.test/page-1548","1","Example page 1548","1","A synthetic page 1548 for this sample report.","1","Example page 1548","1","true","","28",""
"1549","https://example.test/products/page-1549","/products/","200","text/html","indexable","","https://example.test/page-1549","1","Example page 1549","1","A synthetic page 1549 for this sample report.","1","Example page 1549","1","false","","29",""
"1550","https://example.test/support/page-1550","/support/","200","text/html","non-indexable","Noindex","https://example.test/page-1550","1","Example page 1550","1","","0","Example page 1550","1","true","","30",""
"1551","https://example.test/guides/page-1551","/guides/","200","text/html","indexable","","https://example.test/page-1551","1","Example page 1551","1","A synthetic page 1551 for this sample report.","1","Example page 1551","1","false","","31",""
"1552","https://example.test/products/page-1552","/products/","200","text/html","indexable","","https://example.test/page-1552","1","Example page 1552","1","A synthetic page 1552 for this sample report.","1","Example page 1552","1","true","","32",""
"1553","https://example.test/support/page-1553","/support/","200","text/html","indexable","","https://example.test/page-1553","1","Example page 1553","1","A synthetic page 1553 for this sample report.","1","Example page 1553","1","false","","33",""
"1554","https://example.test/guides/page-1554","/guides/","200","text/html","indexable","","https://example.test/page-1554","1","Example page 1554","1","A synthetic page 1554 for this sample report.","1","Example page 1554","1","true","","34",""
"1555","https://example.test/products/page-1555","/products/","200","text/html","indexable","","https://example.test/page-1555","1","Example page 1555","1","","0","Example page 1555","1","false","","35",""
"1556","https://example.test/support/page-1556","/support/","200","text/html","indexable","","https://example.test/page-1556","1","Example page 1556","1","A synthetic page 1556 for this sample report.","1","Example page 1556","1","true","","36",""
"1557","https://example.test/guides/page-1557","/guides/","200","text/html","indexable","","https://example.test/page-1557","1","Example page 1557","1","A synthetic page 1557 for this sample report.","1","Example page 1557","1","false","","37",""
"1558","https://example.test/products/page-1558","/products/","200","text/html","indexable","","https://example.test/page-1558","1","Example page 1558","1","A synthetic page 1558 for this sample report.","1","Example page 1558","1","true","","38",""
"1559","https://example.test/support/page-1559","/support/","200","text/html","indexable","","https://example.test/page-1559","1","Example page 1559","1","A synthetic page 1559 for this sample report.","1","Example page 1559","1","false","","39",""
"1560","https://example.test/guides/page-1560","/guides/","200","text/html","indexable","","https://example.test/page-1560","1","Example page 1560","1","","0","Example page 1560","1","true","","0",""
"1561","https://example.test/products/page-1561","/products/","200","text/html","indexable","","https://example.test/page-1561","1","Example page 1561","1","A synthetic page 1561 for this sample report.","1","Example page 1561","1","false","","1",""
"1562","https://example.test/support/page-1562","/support/","200","text/html","indexable","","https://example.test/page-1562","1","Example page 1562","1","A synthetic page 1562 for this sample report.","1","Example page 1562","1","true","","2",""
"1563","https://example.test/guides/page-1563","/guides/","200","text/html","indexable","","https://example.test/page-1563","1","Example page 1563","1","A synthetic page 1563 for this sample report.","1","Example page 1563","1","false","","3",""
"1564","https://example.test/products/page-1564","/products/","200","text/html","indexable","","https://example.test/page-1564","1","Example page 1564","1","A synthetic page 1564 for this sample report.","1","Example page 1564","1","true","","4",""
"1565","https://example.test/support/page-1565","/support/","200","text/html","indexable","","https://example.test/page-1565","1","Example page 1565","1","","0","Example page 1565","1","false","","5",""
"1566","https://example.test/guides/page-1566","/guides/","200","text/html","indexable","","https://example.test/page-1566","1","Example page 1566","1","A synthetic page 1566 for this sample report.","1","Example page 1566","1","true","","6",""
"1567","https://example.test/products/page-1567","/products/","200","text/html","indexable","","https://example.test/page-1567","1","Example page 1567","1","A synthetic page 1567 for this sample report.","1","Example page 1567","1","false","","7",""
"1568","https://example.test/support/page-1568","/support/","200","text/html","indexable","","https://example.test/page-1568","1","Example page 1568","1","A synthetic page 1568 for this sample report.","1","Example page 1568","1","true","","8",""
"1569","https://example.test/guides/page-1569","/guides/","200","text/html","indexable","","https://example.test/page-1569","1","Example page 1569","1","A synthetic page 1569 for this sample report.","1","Example page 1569","1","false","","9",""
"1570","https://example.test/products/page-1570","/products/","200","text/html","indexable","","https://example.test/page-1570","1","Example page 1570","1","","0","Example page 1570","1","true","","10",""
"1571","https://example.test/support/page-1571","/support/","200","text/html","indexable","","https://example.test/page-1571","1","Example page 1571","1","A synthetic page 1571 for this sample report.","1","Example page 1571","1","false","","11",""
"1572","https://example.test/guides/page-1572","/guides/","200","text/html","indexable","","https://example.test/page-1572","1","Example page 1572","1","A synthetic page 1572 for this sample report.","1","Example page 1572","1","true","","12",""
"1573","https://example.test/products/page-1573","/products/","200","text/html","indexable","","https://example.test/page-1573","1","Example page 1573","1","A synthetic page 1573 for this sample report.","1","Example page 1573","1","false","","13",""
"1574","https://example.test/support/page-1574","/support/","200","text/html","indexable","","https://example.test/page-1574","1","Example page 1574","1","A synthetic page 1574 for this sample report.","1","Example page 1574","1","true","","14",""
"1575","https://example.test/guides/page-1575","/guides/","200","text/html","indexable","","https://example.test/page-1575","1","Example page 1575","1","","0","Example page 1575","1","false","","15",""
"1576","https://example.test/products/page-1576","/products/","200","text/html","indexable","","https://example.test/page-1576","1","Example page 1576","1","A synthetic page 1576 for this sample report.","1","Example page 1576","1","true","","16",""
"1577","https://example.test/support/page-1577","/support/","200","text/html","indexable","","https://example.test/page-1577","1","Example page 1577","1","A synthetic page 1577 for this sample report.","1","Example page 1577","1","false","","17",""
"1578","https://example.test/guides/page-1578","/guides/","200","text/html","indexable","","https://example.test/page-1578","1","Example page 1578","1","A synthetic page 1578 for this sample report.","1","Example page 1578","1","true","","18",""
"1579","https://example.test/products/page-1579","/products/","200","text/html","indexable","","https://example.test/page-1579","1","Example page 1579","1","A synthetic page 1579 for this sample report.","1","Example page 1579","1","false","","19",""
"1580","https://example.test/support/page-1580","/support/","200","text/html","non-indexable","Noindex","https://example.test/page-1580","1","Example page 1580","1","","0","Example page 1580","1","true","","20",""
"1581","https://example.test/guides/page-1581","/guides/","200","text/html","indexable","","https://example.test/page-1581","1","Example page 1581","1","A synthetic page 1581 for this sample report.","1","Example page 1581","1","false","","21",""
"1582","https://example.test/products/page-1582","/products/","200","text/html","indexable","","https://example.test/page-1582","1","Example page 1582","1","A synthetic page 1582 for this sample report.","1","Example page 1582","1","true","","22",""
"1583","https://example.test/support/page-1583","/support/","200","text/html","indexable","","https://example.test/page-1583","1","Example page 1583","1","A synthetic page 1583 for this sample report.","1","Example page 1583","1","false","","23",""
"1584","https://example.test/guides/page-1584","/guides/","200","text/html","indexable","","https://example.test/page-1584","1","Example page 1584","1","A synthetic page 1584 for this sample report.","1","Example page 1584","1","true","","24",""
"1585","https://example.test/products/page-1585","/products/","200","text/html","indexable","","https://example.test/page-1585","1","Example page 1585","1","","0","Example page 1585","1","false","","25",""
"1586","https://example.test/support/page-1586","/support/","200","text/html","indexable","","https://example.test/page-1586","1","Example page 1586","1","A synthetic page 1586 for this sample report.","1","Example page 1586","1","true","","26",""
"1587","https://example.test/guides/page-1587","/guides/","200","text/html","indexable","","https://example.test/page-1587","1","Example page 1587","1","A synthetic page 1587 for this sample report.","1","Example page 1587","1","false","","27",""
"1588","https://example.test/products/page-1588","/products/","200","text/html","indexable","","https://example.test/page-1588","1","Example page 1588","1","A synthetic page 1588 for this sample report.","1","Example page 1588","1","true","","28",""
"1589","https://example.test/support/page-1589","/support/","200","text/html","indexable","","https://example.test/page-1589","1","Example page 1589","1","A synthetic page 1589 for this sample report.","1","Example page 1589","1","false","","29",""
"1590","https://example.test/guides/page-1590","/guides/","200","text/html","indexable","","https://example.test/page-1590","1","Example page 1590","1","","0","Example page 1590","1","true","","30",""
"1591","https://example.test/products/page-1591","/products/","200","text/html","indexable","","https://example.test/page-1591","1","Example page 1591","1","A synthetic page 1591 for this sample report.","1","Example page 1591","1","false","","31",""
"1592","https://example.test/support/page-1592","/support/","200","text/html","indexable","","https://example.test/page-1592","1","Example page 1592","1","A synthetic page 1592 for this sample report.","1","Example page 1592","1","true","","32",""
"1593","https://example.test/guides/page-1593","/guides/","200","text/html","indexable","","https://example.test/page-1593","1","Example page 1593","1","A synthetic page 1593 for this sample report.","1","Example page 1593","1","false","","33",""
"1594","https://example.test/products/page-1594","/products/","200","text/html","indexable","","https://example.test/page-1594","1","Example page 1594","1","A synthetic page 1594 for this sample report.","1","Example page 1594","1","true","","34",""
"1595","https://example.test/support/page-1595","/support/","200","text/html","indexable","","https://example.test/page-1595","1","Example page 1595","1","","0","Example page 1595","1","false","","35",""
"1596","https://example.test/guides/page-1596","/guides/","200","text/html","indexable","","https://example.test/page-1596","1","Example page 1596","1","A synthetic page 1596 for this sample report.","1","Example page 1596","1","true","","36",""
"1597","https://example.test/products/page-1597","/products/","200","text/html","indexable","","https://example.test/page-1597","1","Example page 1597","1","A synthetic page 1597 for this sample report.","1","Example page 1597","1","false","","37",""
"1598","https://example.test/support/page-1598","/support/","200","text/html","indexable","","https://example.test/page-1598","1","Example page 1598","1","A synthetic page 1598 for this sample report.","1","Example page 1598","1","true","","38",""
"1599","https://example.test/guides/page-1599","/guides/","200","text/html","indexable","","https://example.test/page-1599","1","Example page 1599","1","A synthetic page 1599 for this sample report.","1","Example page 1599","1","false","","39",""
